epoch,train_scaled_mse,validation_scaled_mse
1.0,0.9415776133537292,0.5558705925941467
2.0,0.8433305025100708,0.48326805233955383
3.0,0.7184386849403381,0.39463722705841064
4.0,0.5793812870979309,0.3045496344566345
5.0,0.4489974081516266,0.2339145541191101
6.0,0.346500426530838,0.19778108596801758
7.0,0.27740684151649475,0.16850395500659943
8.0,0.22482556104660034,0.14228448271751404
9.0,0.1863170713186264,0.12284363806247711
10.0,0.1600302904844284,0.10454047471284866
11.0,0.13989989459514618,0.09407752752304077
12.0,0.12271231412887573,0.08430356532335281
13.0,0.10811452567577362,0.07515522837638855
14.0,0.09617095440626144,0.06978724151849747
15.0,0.08746956288814545,0.06325200200080872
16.0,0.07956291735172272,0.05970548093318939
17.0,0.07263442128896713,0.05496029183268547
18.0,0.06590380519628525,0.052620794624090195
19.0,0.059991057962179184,0.0480915829539299
20.0,0.05504752695560455,0.04540405422449112
21.0,0.05113711953163147,0.0440048910677433
22.0,0.04691212624311447,0.04112287238240242
23.0,0.043397631496191025,0.03928900510072708
24.0,0.04106774553656578,0.03848030045628548
25.0,0.03834996372461319,0.03586599603295326
26.0,0.03627519682049751,0.034546222537755966
27.0,0.03447446599602699,0.033643558621406555
28.0,0.0331997275352478,0.03241575509309769
29.0,0.03166265785694122,0.03097742423415184
30.0,0.030650686472654343,0.031033014878630638
31.0,0.029473183676600456,0.029946260154247284
32.0,0.02850622870028019,0.028684083372354507
33.0,0.02770864963531494,0.02814619056880474
34.0,0.02752065472304821,0.02779870294034481
35.0,0.026040902361273766,0.028025319799780846
36.0,0.025489481166005135,0.02691110409796238
37.0,0.024444667622447014,0.026414940133690834
38.0,0.024001246318221092,0.024790748953819275
39.0,0.02307325042784214,0.025605658069252968
40.0,0.02261962741613388,0.024600720033049583
41.0,0.02236548438668251,0.023554330691695213
42.0,0.021328043192625046,0.0227850042283535
43.0,0.02098853699862957,0.023420212790369987
44.0,0.019999321550130844,0.023098492994904518
45.0,0.01957245171070099,0.02322835475206375
46.0,0.019084054976701736,0.02287663146853447
47.0,0.018525362014770508,0.022820569574832916
48.0,0.018128424882888794,0.02119557559490204
49.0,0.017612555995583534,0.021378761157393456
50.0,0.017052698880434036,0.021529780700802803
51.0,0.016699904575943947,0.022411517798900604
52.0,0.016226788982748985,0.021320831030607224
53.0,0.015765883028507233,0.02056919038295746
54.0,0.015306305140256882,0.020066197961568832
55.0,0.015209184028208256,0.020980995148420334
56.0,0.014683270826935768,0.019695615395903587
57.0,0.014405444264411926,0.020582394674420357
58.0,0.014053517952561378,0.020963598042726517
59.0,0.013777538202702999,0.01899932324886322
60.0,0.013351378031075,0.020785676315426826
61.0,0.012904937379062176,0.019167548045516014
62.0,0.012870501726865768,0.020556002855300903
63.0,0.012410668656229973,0.01951678656041622
64.0,0.012063764967024326,0.018913932144641876
65.0,0.012028556317090988,0.01936582289636135
66.0,0.011611961759626865,0.018143804743885994
67.0,0.011511866934597492,0.017713364213705063
68.0,0.011071432381868362,0.01810113899409771
69.0,0.01083756610751152,0.018990568816661835
70.0,0.010686748661100864,0.018803464248776436
71.0,0.0104964105412364,0.017956379801034927
72.0,0.010432488285005093,0.01952025666832924
73.0,0.01006101444363594,0.017562471330165863
74.0,0.009966295212507248,0.019680460914969444
75.0,0.009739006869494915,0.017018109560012817
76.0,0.009519263170659542,0.017299601808190346
77.0,0.009169136174023151,0.01756395772099495
78.0,0.00893864780664444,0.01683063805103302
79.0,0.008833588100969791,0.0161278173327446
80.0,0.008689770475029945,0.017863702028989792
81.0,0.008482563309371471,0.016652731224894524
82.0,0.008322673849761486,0.017269818112254143
83.0,0.008198020979762077,0.016621802002191544
84.0,0.008259977214038372,0.016816187649965286
85.0,0.00797795969992876,0.016708189621567726
86.0,0.007878933101892471,0.016990164294838905
87.0,0.007832950912415981,0.01620161160826683
88.0,0.00754627026617527,0.016622811555862427
89.0,0.007312566041946411,0.015946505591273308
90.0,0.007176120299845934,0.0162492822855711
91.0,0.007220438215881586,0.014740444719791412
92.0,0.007162937894463539,0.016383521258831024
93.0,0.006970295216888189,0.01486788410693407
94.0,0.006929463241249323,0.016179176047444344
95.0,0.006735838018357754,0.014420208521187305
96.0,0.006542237475514412,0.013887196779251099
97.0,0.006476277485489845,0.014720350503921509
98.0,0.006454387679696083,0.014659473672509193
99.0,0.006261529866605997,0.01398510206490755
100.0,0.006228739861398935,0.013988004997372627
101.0,0.006101417820900679,0.013755623251199722
102.0,0.006121739745140076,0.01464929524809122
103.0,0.006055168807506561,0.01399574987590313
104.0,0.005927914287894964,0.013898768462240696
105.0,0.006031521130353212,0.014854188077151775
106.0,0.005711651407182217,0.012820838019251823
107.0,0.005739149171859026,0.013965205289423466
108.0,0.005645434372127056,0.013863984495401382
109.0,0.005555029958486557,0.012567148543894291
110.0,0.005508995149284601,0.01306276023387909
111.0,0.0054224152117967606,0.012770031578838825
112.0,0.005327376537024975,0.013270944356918335
113.0,0.0055489311926066875,0.012725177221000195
114.0,0.005170803517103195,0.012455418705940247
115.0,0.0052501787431538105,0.012382380664348602
116.0,0.00522829033434391,0.013192269019782543
117.0,0.005134090781211853,0.012878524139523506
118.0,0.0052851662039756775,0.012088633142411709
119.0,0.004948246758431196,0.012390654534101486
120.0,0.004898491315543652,0.012422208674252033
121.0,0.00482920790091157,0.012241183780133724
122.0,0.004939718637615442,0.012190323323011398
123.0,0.004787751007825136,0.011806563474237919
124.0,0.0047529311850667,0.01251929346472025
125.0,0.004924938082695007,0.013540406711399555
126.0,0.004731147084385157,0.012027258984744549
127.0,0.004721896722912788,0.012396994978189468
128.0,0.004607318434864283,0.012402228079736233
129.0,0.004632005002349615,0.01259229239076376
130.0,0.004661740735173225,0.01351875439286232
131.0,0.004486121237277985,0.011972911655902863
132.0,0.0044145588763058186,0.012002651579678059
133.0,0.004394263494759798,0.012486512772738934
134.0,0.004357694182544947,0.012266363948583603
135.0,0.0045432355254888535,0.011636435054242611
136.0,0.004344223067164421,0.011978465132415295
137.0,0.0043049962259829044,0.011994073167443275
138.0,0.004307986702769995,0.011972341686487198
139.0,0.004433393012732267,0.011829736642539501
140.0,0.00421514268964529,0.012504993937909603
141.0,0.004249153193086386,0.011797953397035599
142.0,0.004115712363272905,0.012137303128838539
143.0,0.004064575303345919,0.011841707862913609
144.0,0.004047701135277748,0.0122525654733181
145.0,0.004021952394396067,0.012028186582028866
146.0,0.00401343172416091,0.011627621948719025
147.0,0.0039814431220293045,0.0124980378895998
148.0,0.004000753164291382,0.011968530714511871
149.0,0.004022105596959591,0.012023650109767914
150.0,0.004024329129606485,0.012065728195011616
151.0,0.003909454680979252,0.012100329622626305
152.0,0.0038654571399092674,0.011933964677155018
153.0,0.00395568460226059,0.012045367620885372
154.0,0.0038170120678842068,0.011874125339090824
155.0,0.003873102366924286,0.011270628310739994
156.0,0.0038414280861616135,0.011763866990804672
157.0,0.0038489592261612415,0.011926835402846336
158.0,0.0038232805673033,0.012218988500535488
159.0,0.00383405270986259,0.01259808149188757
160.0,0.0037777309771627188,0.01231268048286438
161.0,0.0036719492636621,0.010962644591927528
162.0,0.003841391298919916,0.011976136825978756
163.0,0.0036264134105294943,0.011257491074502468
164.0,0.0037434876430779696,0.011727712117135525
165.0,0.003588115330785513,0.011372311972081661
166.0,0.0036353175528347492,0.010922017507255077
167.0,0.0035100001841783524,0.011479037813842297
168.0,0.0035665901377797127,0.01133644487708807
169.0,0.0036363389808684587,0.010975534096360207
170.0,0.0035298834554851055,0.01104172132909298
171.0,0.0035308862570673227,0.010892675258219242
172.0,0.0034771927166730165,0.0115535082295537
173.0,0.003537067910656333,0.011440310627222061
174.0,0.0034707633312791586,0.011400604620575905
175.0,0.0034380813594907522,0.011241160333156586
176.0,0.0034224726259708405,0.010714784264564514
177.0,0.003442587563768029,0.011248717084527016
178.0,0.00336160184815526,0.0110789705067873
179.0,0.0033438964746892452,0.011244813911616802
180.0,0.0033131504897028208,0.010854074731469154
181.0,0.0033974256366491318,0.01099754311144352
182.0,0.0033098720014095306,0.011380714364349842
183.0,0.003369762795045972,0.011213063262403011
184.0,0.0033775484189391136,0.011650295928120613
185.0,0.003357650712132454,0.010970445349812508
186.0,0.0032913843169808388,0.011392168700695038
187.0,0.003244871972128749,0.01098758913576603
188.0,0.0032217667903751135,0.010990395210683346
189.0,0.003216535784304142,0.010437686927616596
190.0,0.0032929014414548874,0.010754318907856941
191.0,0.0031787273474037647,0.010454908944666386
192.0,0.0031674965284764767,0.01064050942659378
193.0,0.003157692728564143,0.011257917620241642
194.0,0.003180096857249737,0.011135673150420189
195.0,0.0033103004097938538,0.011222443543374538
196.0,0.0031237786170095205,0.010531142354011536
197.0,0.003177870064973831,0.01031540334224701
198.0,0.0033388359006494284,0.01072380505502224
199.0,0.0031422751490026712,0.010789561085402966
200.0,0.003201234620064497,0.010431725531816483
201.0,0.0031271656043827534,0.010186395607888699
202.0,0.0030725901015102863,0.01067216694355011
203.0,0.003154886420816183,0.010658792220056057
204.0,0.0030195482540875673,0.01028049923479557
205.0,0.003001948818564415,0.010432168841362
206.0,0.0030126087367534637,0.009632185101509094
207.0,0.002979469019919634,0.010255811735987663
208.0,0.002967746928334236,0.010452870279550552
209.0,0.0029782068450003862,0.010080966167151928
210.0,0.002988140331581235,0.01008845679461956
211.0,0.0030978822614997625,0.010763992555439472
212.0,0.0030175112187862396,0.010502413846552372
213.0,0.0031107119284570217,0.010266117751598358
214.0,0.0030286521650850773,0.010237437672913074
215.0,0.0029436589684337378,0.010685930959880352
216.0,0.002939702244475484,0.00975626427680254
217.0,0.002947747940197587,0.009483279660344124
218.0,0.002958877943456173,0.009821783751249313
219.0,0.0028890667017549276,0.010544230230152607
220.0,0.0028945019003003836,0.010092636570334435
221.0,0.0028666432481259108,0.010444900020956993
222.0,0.0028115997556596994,0.010036624036729336
223.0,0.0029093881603330374,0.00990467332303524
224.0,0.0028705208096653223,0.009518620558083057
225.0,0.002775886794552207,0.00941809918731451
226.0,0.002776484237983823,0.009705050848424435
227.0,0.0027549066580832005,0.00994118582457304
228.0,0.0027964988257735968,0.009859920479357243
229.0,0.002755178604274988,0.010237086564302444
230.0,0.0028138854540884495,0.009845759719610214
231.0,0.002783124102279544,0.009824114851653576
232.0,0.002790734637528658,0.009550081565976143
233.0,0.002843844471499324,0.009656750597059727
234.0,0.0027363584376871586,0.009949133731424809
235.0,0.0027902345173060894,0.009272248484194279
236.0,0.0027185084763914347,0.00974432472139597
237.0,0.0027314696926623583,0.0097331078723073
238.0,0.0026728021912276745,0.009498534724116325
239.0,0.002707183826714754,0.009232433512806892
240.0,0.002700971206650138,0.009416203945875168
241.0,0.0027958436403423548,0.009682769887149334
242.0,0.002636051271110773,0.008993895724415779
243.0,0.0026927650906145573,0.008953808806836605
244.0,0.002691814210265875,0.008975422941148281
245.0,0.0027146341744810343,0.009724807925522327
246.0,0.002695544855669141,0.009417050518095493
247.0,0.002607553033158183,0.009055697359144688
248.0,0.0026354545261710882,0.008862540125846863
249.0,0.0026897909119725227,0.009309733286499977
250.0,0.00257195089943707,0.009379911236464977
251.0,0.0027892538346350193,0.008648985996842384
252.0,0.002602745546028018,0.009278206154704094
253.0,0.0025789544451981783,0.009315639734268188
254.0,0.002582766115665436,0.008955540135502815
255.0,0.0025783407036215067,0.009150762110948563
256.0,0.002563080983236432,0.008517559617757797
257.0,0.00263976096175611,0.008892015554010868
258.0,0.00258481758646667,0.008737551979720592
259.0,0.002571994671598077,0.008919242769479752
260.0,0.002607707167044282,0.008677365258336067
261.0,0.002578908810392022,0.008666370995342731
262.0,0.0025839770678430796,0.00837728288024664
263.0,0.0025788727216422558,0.008754686452448368
264.0,0.0024706125259399414,0.008940426632761955
265.0,0.0026103071868419647,0.00839432142674923
266.0,0.0026318340096622705,0.009542219340801239
267.0,0.002535065170377493,0.008888565935194492
268.0,0.0025601715315133333,0.009014919400215149
269.0,0.002466841135174036,0.008873352780938148
270.0,0.002448301063850522,0.008481408469378948
271.0,0.002468283288180828,0.008553789928555489
272.0,0.0025066526141017675,0.008892873302102089
273.0,0.0025031156837940216,0.009628400206565857
274.0,0.0023769799154251814,0.008797669783234596
275.0,0.0024095741100609303,0.00854535587131977
276.0,0.0025222082622349262,0.008950197137892246
277.0,0.0024407077580690384,0.008566499687731266
278.0,0.0024161492474377155,0.009100780822336674
279.0,0.002387547865509987,0.009217499755322933
280.0,0.0023815908934921026,0.00835568830370903
281.0,0.0023920563980937004,0.008731462061405182
282.0,0.0024757329374551773,0.009224392473697662
283.0,0.0023413014132529497,0.008906271308660507
284.0,0.002365647116675973,0.00840806309133768
285.0,0.0024174971040338278,0.00829680822789669
286.0,0.0024130658712238073,0.00822282675653696
287.0,0.0024955710396170616,0.008839387446641922
288.0,0.0024440870620310307,0.008623434230685234
289.0,0.0027055463287979364,0.009442245587706566
290.0,0.0024345475248992443,0.00858804490417242
291.0,0.002354600466787815,0.008502350188791752
292.0,0.002361534396186471,0.00888277031481266
293.0,0.00236283871345222,0.009254374541342258
294.0,0.002310726558789611,0.008538380265235901
295.0,0.002417989308014512,0.00934192817658186
296.0,0.0023397498298436403,0.008398948237299919
297.0,0.0023623714223504066,0.008192066103219986
298.0,0.0024078574497252703,0.008440298959612846
299.0,0.0024409256875514984,0.008028754033148289
300.0,0.0023781254421919584,0.008167220279574394
301.0,0.0024051216896623373,0.009064997546374798
302.0,0.0023384715896099806,0.008467033505439758
303.0,0.002302303211763501,0.008792027831077576
304.0,0.0022272130008786917,0.0084633007645607
305.0,0.0022272842470556498,0.00838376209139824
306.0,0.0022716205567121506,0.008441520854830742
307.0,0.0022459563333541155,0.008321121335029602
308.0,0.002204760443419218,0.0085261519998312
309.0,0.002439777599647641,0.008344749920070171
310.0,0.002271000761538744,0.008891644887626171
311.0,0.002278572879731655,0.008140280842781067
312.0,0.0023452674504369497,0.008988246321678162
313.0,0.002264284295961261,0.008522391319274902
314.0,0.0022150997538119555,0.008581604808568954
315.0,0.0023425063118338585,0.008503739722073078
316.0,0.002236455213278532,0.008435855619609356
317.0,0.0021970749367028475,0.008192534558475018
318.0,0.002310394309461117,0.00887311901897192
319.0,0.002427906496450305,0.008373848162591457
320.0,0.002212032675743103,0.008821875788271427
321.0,0.0022473903372883797,0.008362806402146816
322.0,0.0021575703285634518,0.008475943468511105
323.0,0.00217352993786335,0.008600063621997833
324.0,0.0022508606780320406,0.008788101375102997
325.0,0.002240607049316168,0.009053211659193039
326.0,0.002245434559881687,0.008974391035735607
327.0,0.0022277114912867546,0.008916301652789116
328.0,0.0021766808349639177,0.00874104630202055
329.0,0.0021552739199250937,0.008382903411984444
330.0,0.0021789628081023693,0.008182714693248272
331.0,0.0021559784654527903,0.008730756118893623
332.0,0.0021933040115982294,0.00861865933984518
333.0,0.0022710845805704594,0.007964424788951874
334.0,0.002117797499522567,0.008355504833161831
335.0,0.002130072098225355,0.008098841644823551
336.0,0.0021529421210289,0.008213046938180923
337.0,0.0022034740541130304,0.008561371825635433
338.0,0.0021739040967077017,0.008576318621635437
339.0,0.0021539374720305204,0.008027046918869019
340.0,0.002195603447034955,0.008096293546259403
341.0,0.002131462562829256,0.008062347769737244
342.0,0.002091923262923956,0.008659878745675087
343.0,0.0020979654509574175,0.008044345304369926
344.0,0.0021652509458363056,0.008796019479632378
345.0,0.0022148576099425554,0.00871498417109251
346.0,0.0021295782644301653,0.008020220324397087
347.0,0.0021213809959590435,0.00853772833943367
348.0,0.002162321237847209,0.008529516868293285
349.0,0.0021133720874786377,0.008668472059071064
350.0,0.0021689620334655046,0.008206052705645561
351.0,0.0021157485898584127,0.008160572499036789
352.0,0.0020881115924566984,0.008514371700584888
353.0,0.0021622555796056986,0.008933991193771362
354.0,0.002084749983623624,0.008147154934704304
355.0,0.0021296199411153793,0.007933723740279675
356.0,0.00227349647320807,0.008711380884051323
357.0,0.0020696227438747883,0.008089752867817879
358.0,0.0020604783203452826,0.008366430178284645
359.0,0.0021916846744716167,0.008116347715258598
360.0,0.002103405771777034,0.008352135308086872
361.0,0.0020643030293285847,0.008410691283643246
362.0,0.00209091161377728,0.007860273122787476
363.0,0.0020560503471642733,0.008034094236791134
364.0,0.0021537048742175102,0.008516920730471611
365.0,0.0020920780953019857,0.00802684761583805
366.0,0.002112078247591853,0.008328615687787533
367.0,0.0021072051022201777,0.007904384285211563
368.0,0.0020232864189893007,0.007793592754751444
369.0,0.002017999766394496,0.007811952847987413
370.0,0.0020321619231253862,0.00813162513077259
371.0,0.0020420465152710676,0.007915645837783813
372.0,0.002040824154391885,0.007908305153250694
373.0,0.002089950256049633,0.007958278059959412
374.0,0.0021199919283390045,0.008087088353931904
375.0,0.0020112870261073112,0.008418984711170197
376.0,0.0019827019423246384,0.008003836497664452
377.0,0.0020289502572268248,0.008077984675765038
378.0,0.0020104984287172556,0.007627415936440229
379.0,0.002003182889893651,0.008335545659065247
380.0,0.002028446877375245,0.0078049032017588615
381.0,0.0019836409483104944,0.007989606820046902
382.0,0.002058715559542179,0.008248919621109962
383.0,0.0019659975077956915,0.008013858459889889
384.0,0.002051270566880703,0.0077401637099683285
385.0,0.0019930945709347725,0.008046973496675491
386.0,0.0020345018710941076,0.00772174634039402
387.0,0.001985982758924365,0.0077549759298563
388.0,0.002049644710496068,0.0078011006116867065
389.0,0.0020507313311100006,0.008108936250209808
390.0,0.0021100505255162716,0.008408097550272942
391.0,0.0019709758926182985,0.007799673359841108
392.0,0.0019813678227365017,0.007820558734238148
393.0,0.002002087654545903,0.008309047669172287
394.0,0.0020205541513860226,0.008026973344385624
395.0,0.002092088805511594,0.008386418223381042
396.0,0.0019436783622950315,0.008099495433270931
397.0,0.001953467493876815,0.007681533228605986
398.0,0.002059419872239232,0.008207233622670174
399.0,0.002035839017480612,0.007642385549843311
400.0,0.0019324636086821556,0.00811099074780941
401.0,0.0019856689032167196,0.0077254450879991055
402.0,0.0020152272190898657,0.008031528443098068
403.0,0.0019516111351549625,0.007928626611828804
404.0,0.0019289393676444888,0.00792302843183279
405.0,0.0019178459187969565,0.007633792236447334
406.0,0.0019338343990966678,0.007562542334198952
407.0,0.0019548663403838873,0.0077243405394256115
408.0,0.0020298967137932777,0.007815925404429436
409.0,0.001933967461809516,0.007998651824891567
410.0,0.001963523682206869,0.007434007246047258
411.0,0.0021149166859686375,0.007546926382929087
412.0,0.0019371488597244024,0.007604838814586401
413.0,0.0019567254930734634,0.007782918866723776
414.0,0.001877021393738687,0.007656266447156668
415.0,0.0018780302489176393,0.0076524727046489716
416.0,0.0018657733453437686,0.007591930218040943
417.0,0.0018776804208755493,0.007669015321880579
418.0,0.0019446141086518764,0.007477792911231518
419.0,0.0019069319823756814,0.007795564830303192
420.0,0.0019978187046945095,0.0073904916644096375
421.0,0.0018887610640376806,0.007424685638397932
422.0,0.001892383093945682,0.007550347596406937
423.0,0.0019329201895743608,0.007752145640552044
424.0,0.0018838790711015463,0.007681409828364849
425.0,0.0018841295968741179,0.00792170874774456
426.0,0.0018669426208361983,0.007526156958192587
427.0,0.0018882333533838391,0.007292159367352724
428.0,0.0018985731294378638,0.00758399348706007
429.0,0.0018706244882196188,0.0073787677101790905
430.0,0.001858151750639081,0.00735456682741642
431.0,0.001870549051091075,0.00735858827829361
432.0,0.0019619076047092676,0.007758813444525003
433.0,0.0018734753830358386,0.007470107637345791
434.0,0.001843315432779491,0.007486507296562195
435.0,0.0018568607047200203,0.007500763982534409
436.0,0.0018765521235764027,0.007497335784137249
437.0,0.0019336004042997956,0.0076673924922943115
438.0,0.0018556287977844477,0.007416490465402603
439.0,0.0018550250679254532,0.007915198802947998
440.0,0.001972423167899251,0.008067036047577858
441.0,0.001856230664998293,0.0074194143526256084
442.0,0.0018410295015200973,0.007524585351347923
443.0,0.0018420909764245152,0.007460415828973055
444.0,0.0019498253241181374,0.007586109917610884
445.0,0.0018784760031849146,0.007506451569497585
446.0,0.0018301560776308179,0.007746044080704451
447.0,0.0018330418970435858,0.00739061925560236
448.0,0.0019856246653944254,0.007492457516491413
449.0,0.0018768694717437029,0.007316838949918747
450.0,0.001815866562537849,0.0076188682578504086
451.0,0.0018424018053337932,0.00756785087287426
452.0,0.0018260302022099495,0.007725763600319624
453.0,0.0018548151711001992,0.007607252337038517
454.0,0.0018899663118645549,0.007953431457281113
455.0,0.0018372060731053352,0.007250234950333834
456.0,0.0017919015372171998,0.007097947411239147
457.0,0.0018342864932492375,0.007475957740098238
458.0,0.0018656686879694462,0.007856175303459167
459.0,0.0018553119152784348,0.007251969538629055
460.0,0.0018194233998656273,0.007271584589034319
461.0,0.001776397693902254,0.007338784635066986
462.0,0.0017719481838867068,0.0074861180037260056
463.0,0.0017917724326252937,0.007412266451865435
464.0,0.001908907201141119,0.007107727695256472
465.0,0.001810614368878305,0.007397621404379606
466.0,0.0017718975432217121,0.007456415798515081
467.0,0.0017552004428580403,0.007386618759483099
468.0,0.0017737915040925145,0.007220185361802578
469.0,0.0018132914556190372,0.007342326920479536
470.0,0.0017460293602198362,0.007315332535654306
471.0,0.0018554249545559287,0.0075479717925190926
472.0,0.0017682913457974792,0.007406722288578749
473.0,0.0017764823278412223,0.007478001527488232
474.0,0.0017673352267593145,0.007615992799401283
475.0,0.0017769071273505688,0.007314697839319706
476.0,0.0018579910974949598,0.007528540212661028
477.0,0.0017402321100234985,0.0071732900105416775
478.0,0.0017910260939970613,0.007137242238968611
479.0,0.0017845830880105495,0.007387703750282526
480.0,0.0017640587175264955,0.007697115186601877
481.0,0.0017340377671644092,0.007397063542157412
482.0,0.0017566140741109848,0.006874505430459976
483.0,0.0017914148047566414,0.007896462455391884
484.0,0.0017609769711270928,0.006940669845789671
485.0,0.0018286731792613864,0.007342019118368626
486.0,0.0017057679360732436,0.0071729752235114574
487.0,0.0017394119640812278,0.0073359813541173935
488.0,0.0018061641603708267,0.007544075138866901
489.0,0.0017644590698182583,0.007544338703155518
490.0,0.0017765661468729377,0.007419629022479057
491.0,0.0017031531315296888,0.0073281205259263515
492.0,0.0017439473886042833,0.007143762428313494
493.0,0.001684235641732812,0.007438724860548973
494.0,0.0017243381589651108,0.007287850137799978
495.0,0.001739970059134066,0.007101030554622412
496.0,0.0017000027000904083,0.007170673925429583
497.0,0.0017790143610909581,0.00715140113607049
498.0,0.0016947502736002207,0.007566091604530811
499.0,0.0016611136961728334,0.00723860040307045
500.0,0.0017253372352570295,0.0075841364450752735
501.0,0.0017259303713217378,0.007648491766303778
502.0,0.0017226592171937227,0.007513859309256077
503.0,0.0016719420673325658,0.007173800840973854
504.0,0.00174639408942312,0.007696592714637518
505.0,0.0017041340470314026,0.007158546708524227
506.0,0.001884213532321155,0.007221621461212635
507.0,0.001731596770696342,0.007376142777502537
508.0,0.0017597085097804666,0.007332282140851021
509.0,0.0017129059415310621,0.007160558830946684
510.0,0.001654002582654357,0.007324644830077887
511.0,0.0017217976273968816,0.0076206279918551445
512.0,0.001697548315860331,0.007426268421113491
513.0,0.0017406446859240532,0.007313298527151346
514.0,0.0016417013248428702,0.007143182680010796
515.0,0.0016971500590443611,0.007535128388553858
516.0,0.0017330733826383948,0.0074059730395674706
517.0,0.0016459479229524732,0.006867365445941687
518.0,0.0016294225351884961,0.007136083673685789
519.0,0.0016871353145688772,0.00771966902539134
520.0,0.0017443596152588725,0.007124640047550201
521.0,0.0016803165199235082,0.007299134973436594
522.0,0.0016496058087795973,0.007181478198617697
523.0,0.0016681280685588717,0.007327413652092218
524.0,0.0016183162806555629,0.00733736390247941
525.0,0.0016804244369268417,0.006993930321186781
526.0,0.0017590085044503212,0.007687214761972427
527.0,0.0016644943971186876,0.0069893901236355305
528.0,0.0016220331890508533,0.007095857057720423
529.0,0.0017006333218887448,0.007542209699749947
530.0,0.0016136408085003495,0.007367240730673075
531.0,0.0016530222492292523,0.0070300656370818615
532.0,0.0017530506011098623,0.007400314789265394
533.0,0.0016482111532241106,0.006984956096857786
534.0,0.0016153547912836075,0.00709867337718606
535.0,0.0015910612419247627,0.007176453247666359
536.0,0.0016232443740591407,0.007226004730910063
537.0,0.0015696538612246513,0.006989496760070324
538.0,0.0016732764197513461,0.007191013544797897
539.0,0.0016192618058994412,0.00713765062391758
540.0,0.0015797666274011135,0.006821248214691877
541.0,0.0015925945481285453,0.007013201713562012
542.0,0.0015800758264958858,0.006890546530485153
543.0,0.0015713878674432635,0.0070600067265331745
544.0,0.0016197854420170188,0.007359543349593878
545.0,0.0015758047811686993,0.006996664684265852
546.0,0.0016281016869470477,0.007043953984975815
547.0,0.0016285829478874803,0.006851285696029663
548.0,0.0015877950936555862,0.007099613547325134
549.0,0.0015638351906090975,0.007098523899912834
550.0,0.0016224985010921955,0.006890933960676193
551.0,0.001601420110091567,0.007409927435219288
552.0,0.001560221891850233,0.007157732732594013
553.0,0.0016744522145017982,0.007218772545456886
554.0,0.0015736311906948686,0.007326523307710886
555.0,0.0015759295783936977,0.007175202015787363
556.0,0.0015867190668359399,0.006994117982685566
557.0,0.0015621214406564832,0.007022167090326548
558.0,0.0015915589174255729,0.007449293974786997
559.0,0.0016273206565529108,0.007475946098566055
560.0,0.0016057953471317887,0.006733825895935297
561.0,0.00167305045761168,0.006955788936465979
562.0,0.0015902911545708776,0.007306042592972517
563.0,0.0015351559268310666,0.0069979834370315075
564.0,0.0016425492940470576,0.007225634530186653
565.0,0.0017223168397322297,0.007626653648912907
566.0,0.0016226377338171005,0.006895111873745918
567.0,0.001736972015351057,0.006731044035404921
568.0,0.0018181881168857217,0.007934346795082092
569.0,0.0015443263109773397,0.007404874078929424
570.0,0.0015384905273094773,0.006953066680580378
571.0,0.001545648672617972,0.0071605658158659935
572.0,0.001599254203028977,0.007010844070464373
573.0,0.0015544106718152761,0.0071900710463523865
574.0,0.0015932009555399418,0.00697557395324111
575.0,0.0015773706836625934,0.007176666054874659
576.0,0.001523154671303928,0.006767965387552977
577.0,0.0015423501608893275,0.0069895111955702305
578.0,0.0016292339423671365,0.006783598102629185
579.0,0.0015480832662433386,0.006892814766615629
580.0,0.001563585945405066,0.007027855608612299
581.0,0.0015480563743039966,0.0068110330030322075
582.0,0.0016414657002314925,0.0070394491776824
583.0,0.001527496031485498,0.0071405875496566296
584.0,0.0016341122100129724,0.007656353060156107
585.0,0.0015317525248974562,0.0069218291901052
586.0,0.0015558216255158186,0.007127505727112293
587.0,0.0015579828759655356,0.006656845100224018
588.0,0.001681016874499619,0.0078037879429757595
589.0,0.001573688699863851,0.006986800115555525
590.0,0.0015081732999533415,0.00670715793967247
591.0,0.001520060934126377,0.007186403963714838
592.0,0.0015424239682033658,0.00695579731836915
593.0,0.001504414132796228,0.007193919271230698
594.0,0.0015385480364784598,0.007235465571284294
595.0,0.0015313285402953625,0.007322319317609072
596.0,0.0015175523003563285,0.006994638126343489
597.0,0.0014671795070171356,0.0071555874310433865
598.0,0.0014687947696074843,0.007156166713684797
599.0,0.0015334845520555973,0.006929133553057909
600.0,0.0015103542245924473,0.00683601526543498
601.0,0.0016509848646819592,0.007655981928110123
602.0,0.0015260636573657393,0.007049265317618847
603.0,0.0015873920638114214,0.0071184709668159485
604.0,0.0015606965171173215,0.007341099437326193
605.0,0.001587109756655991,0.006944190710783005
606.0,0.001485815504565835,0.007209972944110632
607.0,0.0014869904844090343,0.006912571843713522
608.0,0.0014979696134105325,0.006819963455200195
609.0,0.0014946695882827044,0.007283980958163738
610.0,0.001640997128561139,0.006676720455288887
611.0,0.001450110925361514,0.00702778110280633
612.0,0.0014777258038520813,0.007050271611660719
613.0,0.0014445038978010416,0.0069572217762470245
614.0,0.0014582144794985652,0.0067902132868766785
615.0,0.0014453742187470198,0.006816614419221878
616.0,0.0015633032890036702,0.007376857101917267
617.0,0.0015100277960300446,0.006910567171871662
618.0,0.0014703272609040141,0.007120775058865547
619.0,0.0014597468543797731,0.007003937382251024
620.0,0.0015401141718029976,0.007261307444423437
621.0,0.001485159038566053,0.0071985297836363316
622.0,0.0015236943727359176,0.006738597527146339
623.0,0.0014662443427368999,0.006751992739737034
624.0,0.0014698076993227005,0.006922582630068064
625.0,0.0014630653895437717,0.006850579287856817
626.0,0.001435496611520648,0.006905806716531515
627.0,0.0014823306119069457,0.006819666363298893
628.0,0.001527458312921226,0.0066444240510463715
629.0,0.0014176515396684408,0.00679619237780571
630.0,0.0014498040545731783,0.006646149326115847
631.0,0.0014417229685932398,0.006689182482659817
632.0,0.0014399465871974826,0.0073206257075071335
633.0,0.0014476916985586286,0.006904760375618935
634.0,0.0014345829840749502,0.00663371616974473
635.0,0.0014034942723810673,0.00699974037706852
636.0,0.0014871786115691066,0.007086241617798805
637.0,0.0014433476608246565,0.006727260537445545
638.0,0.0015047037741169333,0.006777208298444748
639.0,0.001475764438509941,0.006982214283198118
640.0,0.001407945528626442,0.006808872800320387
641.0,0.0014754412695765495,0.006961077451705933
642.0,0.0014867275021970272,0.007023361977189779
643.0,0.0014955376973375678,0.007075234316289425
644.0,0.0014620645670220256,0.006537237204611301
645.0,0.0014459026278927922,0.006644131150096655
646.0,0.0014416588237509131,0.007082803640514612
647.0,0.001456823549233377,0.006962896790355444
648.0,0.0014638585271313787,0.007110830396413803
649.0,0.0016266427701339126,0.00733346538618207
650.0,0.0014339610934257507,0.006838482804596424
651.0,0.0015341967809945345,0.007261041086167097
652.0,0.0014522671699523926,0.006677590776234865
653.0,0.0015667818952351809,0.006722999271005392
654.0,0.0013961797812953591,0.007052497006952763
655.0,0.0014633999671787024,0.0071096220053732395
656.0,0.0014172133523970842,0.007131143473088741
657.0,0.0014783431543037295,0.006870324723422527
658.0,0.0014463977422565222,0.007377219386398792
659.0,0.0014013517647981644,0.007138790097087622
660.0,0.0015679886564612389,0.00728319538757205
661.0,0.0013896452728658915,0.007006996311247349
662.0,0.0014860897790640593,0.006740173790603876
663.0,0.0014244006015360355,0.006795156747102737
664.0,0.0014381178189069033,0.006890297867357731
665.0,0.001382207847200334,0.006713612470775843
666.0,0.001450181007385254,0.007015119306743145
667.0,0.0013975825859233737,0.006794066168367863
668.0,0.001402252004481852,0.00643776822835207
669.0,0.0014531895285472274,0.006904628127813339
670.0,0.0014247671933844686,0.007064023986458778
671.0,0.00142027682159096,0.006652676034718752
672.0,0.0013655901420861483,0.006814191583544016
673.0,0.001458746730349958,0.0070260209031403065
674.0,0.001352043473161757,0.0070168799720704556
675.0,0.0013941946672275662,0.006601137109100819
676.0,0.0013711797073483467,0.006953274831175804
677.0,0.0014447140274569392,0.006666871253401041
678.0,0.0013999961083754897,0.006875632796436548
679.0,0.001466520014218986,0.006545303855091333
680.0,0.0014336325693875551,0.0068677752278745174
681.0,0.001393428654409945,0.007023046258836985
682.0,0.0013622385449707508,0.0067072357051074505
683.0,0.0013947085244581103,0.006607744377106428
684.0,0.0015157753368839622,0.007233284413814545
685.0,0.0014823619276285172,0.007468714844435453
686.0,0.0013948354171589017,0.006760420743376017
687.0,0.0013660109834745526,0.007031796034425497
688.0,0.0014350872952491045,0.007008957676589489
689.0,0.001396371517330408,0.0069057028740644455
690.0,0.0013621406396850944,0.006645487621426582
691.0,0.0013849560637027025,0.006641248241066933
692.0,0.0014223696198314428,0.006887748837471008
693.0,0.0013482478680089116,0.0068131438456475735
694.0,0.001407438307069242,0.006702292710542679
695.0,0.0013639112003147602,0.0068772644735872746
696.0,0.0014280034229159355,0.006602399051189423
697.0,0.0014238713774830103,0.006923966575413942
698.0,0.0013362625613808632,0.00677992170676589
699.0,0.0014077047817409039,0.007000845856964588
700.0,0.0013712237123399973,0.006593836937099695
701.0,0.001359843765385449,0.00690259225666523
702.0,0.0013490515993908048,0.007079648785293102
703.0,0.0013782101450487971,0.006743377074599266
704.0,0.0014810890424996614,0.0068573919124901295
705.0,0.0014218995347619057,0.006941461469978094
706.0,0.001444619265384972,0.006533713545650244
707.0,0.001435628510080278,0.006861598696559668
708.0,0.001349588274024427,0.006654703989624977
709.0,0.0013482363428920507,0.0068121920339763165
710.0,0.0013321315636858344,0.0068460265174508095
711.0,0.0013630130561068654,0.006806029938161373
712.0,0.0013642359990626574,0.0066246953792870045
713.0,0.0013493598671630025,0.006979526486247778
714.0,0.0013458546018227935,0.006673167925328016
715.0,0.0013567365240305662,0.006902728695422411
716.0,0.0013359213480725884,0.006705406121909618
717.0,0.0013141270028427243,0.006618365179747343
718.0,0.001347641577012837,0.006703689228743315
719.0,0.0014066323637962341,0.006677599158138037
720.0,0.001425044727511704,0.0071558477357029915
721.0,0.0013819725718349218,0.006619574502110481
722.0,0.0013618959346786141,0.006583444308489561
723.0,0.0014386862749233842,0.007198111619800329
724.0,0.0013412951957434416,0.006655888166278601
725.0,0.0013088469859212637,0.006707632448524237
726.0,0.0013118404895067215,0.006680108606815338
727.0,0.0014009956503286958,0.006998284254223108
728.0,0.0013900832273066044,0.006800227332860231
729.0,0.0013125601690262556,0.0068847499787807465
730.0,0.001346467062830925,0.006931860465556383
731.0,0.0014595546526834369,0.007131926249712706
732.0,0.0013681105338037014,0.006939433980733156
733.0,0.0013826654758304358,0.006883866153657436
734.0,0.00134319590870291,0.006638288497924805
735.0,0.001319806557148695,0.006653225515037775
736.0,0.0013572709867730737,0.006812088191509247
737.0,0.0014245051424950361,0.006781924050301313
738.0,0.0013395686401054263,0.006850788835436106
739.0,0.0014016531640663743,0.006472175475209951
740.0,0.0014270998071879148,0.006848311051726341
741.0,0.001357782632112503,0.006678995676338673
742.0,0.0014009223086759448,0.00641637435182929
743.0,0.0013150316663086414,0.006796272937208414
744.0,0.001398471649736166,0.00652489997446537
745.0,0.0012960281455889344,0.006729688961058855
746.0,0.0012946062488481402,0.006720158737152815
747.0,0.0012862661387771368,0.006781421601772308
748.0,0.001345455995760858,0.007005508989095688
749.0,0.0013055525487288833,0.006977879907935858
750.0,0.001295217894949019,0.006863335147500038
751.0,0.0013306188629940152,0.006760205142199993
752.0,0.0013653856003656983,0.007086682133376598
753.0,0.001319022267125547,0.006811652332544327
754.0,0.0013465030351653695,0.0068730865605175495
755.0,0.0012991115218028426,0.006634100340306759
756.0,0.0013015861622989178,0.0069188945926725864
757.0,0.0013208931777626276,0.0066870818845927715
758.0,0.001308513805270195,0.006407524924725294
759.0,0.0013485932722687721,0.007075573783367872
760.0,0.0013336915289983153,0.006715176161378622
761.0,0.0013572809984907508,0.007247687317430973
762.0,0.0012994540156796575,0.006773026194423437
763.0,0.0013681211275979877,0.006847658660262823
764.0,0.0013453061692416668,0.006512990687042475
765.0,0.001323229051195085,0.00699637271463871
766.0,0.0013652839697897434,0.006950110662728548
767.0,0.0013350682565942407,0.006756069138646126
768.0,0.0013249710900709033,0.006828499026596546
769.0,0.0013250651536509395,0.0065889665856957436
770.0,0.0013457773020491004,0.0065744961611926556
771.0,0.0013137294445186853,0.00662778178229928
772.0,0.001315364963375032,0.00665278360247612
773.0,0.0013274516677483916,0.006510963197797537
774.0,0.0013017456512898207,0.007059104740619659
775.0,0.0013088139239698648,0.0067314752377569675
776.0,0.0012964197667315602,0.00706561841070652
777.0,0.0013223374262452126,0.006994619965553284
778.0,0.0012805198784917593,0.006686244159936905
779.0,0.0012878989800810814,0.006532108876854181
780.0,0.0012948322109878063,0.006507399957627058
781.0,0.0013922043144702911,0.006612495053559542
782.0,0.0013364589540287852,0.0065329475328326225
783.0,0.0013189458986744285,0.006657935678958893
784.0,0.0013072893489152193,0.0067697432823479176
785.0,0.0012771571055054665,0.006935365032404661
786.0,0.0012978781014680862,0.0065850247628986835
787.0,0.0013542517554014921,0.006724473088979721
788.0,0.0013694664230570197,0.0069100200198590755
789.0,0.0013750155922025442,0.006942749954760075
790.0,0.001347270212136209,0.006712522357702255
791.0,0.0013090295251458883,0.00704163545742631
792.0,0.0012969819363206625,0.006659319158643484
793.0,0.0012877072440460324,0.006875796243548393
794.0,0.0012611763086169958,0.006642308086156845
795.0,0.0012660061474889517,0.00685727596282959
796.0,0.001265223021619022,0.006771288346499205
797.0,0.0012530890526250005,0.00657271733507514
798.0,0.0012926335912197828,0.00697501003742218
799.0,0.0012899234425276518,0.006883912719786167
800.0,0.0012784800492227077,0.006526909302920103
