plan,time_min,reference_C_A,reference_C_B,reference_C_C,MLP_C_A,MLP_C_B,MLP_C_C
0,0.0,1.2,0.0,0.0,1.2,0.0,0.0
0,0.2,1.1538698078319816,0.045672011203436,0.00045818096458238866,1.1557453664127466,0.04478118645110628,-0.00045911204313354244
0,0.4,1.1112862733797269,0.08696380261427239,0.0017499240060009358,1.114560261567115,0.08540902919612187,0.0001563699995466482
0,0.6000000000000001,1.071976716639932,0.12426273584915354,0.003760547510914536,1.0759517705320094,0.12250736101052973,0.0017127486254430177
0,0.8,1.0356894222442146,0.15792344436481365,0.006387133390971966,1.0397496383388958,0.15637118354452725,0.004086590988984409
0,1.0,1.0021920276213836,0.18827052130260716,0.009537451076009423,1.0056275372222312,0.1874048743343203,0.007201165036868304
0,1.2000000000000002,0.9712700350836845,0.21560099068945585,0.013128974226859852,0.9745496859044647,0.21501649886279,0.010678349728986184
0,1.4000000000000001,0.9427254383092889,0.24018657923346756,0.017087982457243717,0.9462307915552172,0.23956594699841227,0.01444532490230476
0,1.6,0.9163754544258291,0.2622758045932544,0.02134874098091666,0.9204131009872161,0.26137611353190343,0.018438541177814356
0,1.8,0.892051353575983,0.2820958947472257,0.02585275167679152,0.8965678125958394,0.28068428593394074,0.022952847035482327
0,2.0,0.8695973784703329,0.2998545519345552,0.030548069595112082,0.8744409010153893,0.2977362463741936,0.027998236633360526
0,2.2,0.8488697470089488,0.3157415735754617,0.03538867941558971,0.853906733990684,0.3127697319451023,0.033463549452346975
0,2.4000000000000004,0.8297357315850672,0.32993034159784285,0.04033392681709014,0.8347624064379304,0.32619936442485076,0.03913726448978218
0,2.6,0.812072809175268,0.3425791906936426,0.04534800013108953,0.8168972073913449,0.33829918827802685,0.04485664200189252
0,2.8000000000000003,0.7957678767738237,0.35383266519561635,0.050399458030560174,0.8002512671917308,0.3491858123281892,0.05056579776899509
0,3.0,0.7807165271473212,0.36382267349783676,0.055460799354842216,0.7847408565657757,0.3589640274807475,0.05624411920728667
0,3.2,0.7668223802719164,0.37266954823625664,0.06050807149182713,0.7702785506508004,0.3677722458965272,0.061843177038605576
0,3.4000000000000004,0.7539964661721335,0.3804830197941956,0.06552051403367115,0.7567853538622481,0.37572821538558254,0.06732620128242182
0,3.6,0.742156655209273,0.3873631100974052,0.07048023469332199,0.7441965216973245,0.38290188863272984,0.0726879372598834
0,3.8000000000000003,0.7312271321713288,0.39340095311038537,0.07537191471828597,0.7326424056510464,0.3892213348662634,0.07786768081207263
0,4.0,0.7211379107967932,0.39867954793617516,0.08018254126703178,0.7220387457301245,0.3947744368905326,0.0828629634762039
0,4.2,0.7118243856236459,0.4032744499525243,0.08490116442382994,0.7122746937040271,0.39967055731857865,0.08767783992717981
0,4.4,0.7032269182938302,0.40725440498501964,0.08951867672115033,0.7032833121683598,0.4039725973640158,0.09231614057351997
0,4.6000000000000005,0.6952904556641524,0.41068193111950035,0.09402761321634745,0.6951663081883169,0.407637249201462,0.09672606396759914
0,4.800000000000001,0.68796417727821,0.4136138523892772,0.09842197033251293,0.6878149892012095,0.4107244477437579,0.10095384985291442
0,5.0,0.6812011699419676,0.41610178823480864,0.10269704182322398,0.6811048810884333,0.4133183419436743,0.10503670984618747
0,5.2,0.6749581273191494,0.41819260232231287,0.10684927035853792,0.6749783576636147,0.41547382464564614,0.10897703271645506
0,5.4,0.6691950726228375,0.41992881402121673,0.11087611335594594,0.6693830410330089,0.4172402978335001,0.11277747977515794
0,5.6000000000000005,0.6638751026275517,0.42134897557642464,0.11477592179602386,0.6642297846894468,0.4187039075749391,0.11644069470915776
0,5.800000000000001,0.6589641513626169,0.42248801776836375,0.11854783086901954,0.6594431296996092,0.4199357190471883,0.11997074854079283
0,6.0,0.6544307719736475,0.42337756662997433,0.12219166139637833,0.6550099464402811,0.4209402811449669,0.12337590081193359
0,6.2,0.6502459353553176,0.42404623358376275,0.12570783106091982,0.6509048259284512,0.4217397082907099,0.12665929125194272
0,6.4,0.6463828442659799,0.4245198811723205,0.12909727456169978,0.6471041498747679,0.42235431310155824,0.12982408589933717
0,6.6000000000000005,0.6428167617338317,0.42482186638105107,0.13236137188511737,0.6435861072164389,0.42280608888412147,0.132869996885992
0,6.800000000000001,0.6395248526558419,0.4249732633910573,0.13550188395310098,0.6403302441167068,0.4231112518860461,0.135801141466837
0,7.0,0.6364860375751309,0.4249930674521241,0.13852089497274517,0.6373175685805929,0.4232846848365576,0.13862151991046548
0,7.2,0.6336808577004803,0.4248983814294897,0.14142076087003014,0.6345304343078029,0.4233400497666818,0.1413350175425637
0,7.4,0.6310913503036356,0.42470458645269554,0.14420406324366902,0.631934156247083,0.4233059431286553,0.1439478033489519
0,7.6000000000000005,0.6287009336965191,0.42442549797939205,0.146873568324089,0.6295046526321596,0.42320153103523184,0.14646481936377503
0,7.800000000000001,0.6264943010518158,0.4240735084807631,0.1494321904674213,0.6272318864646036,0.4230335816627202,0.14888925320927365
0,8.0,0.6244573223870198,0.4236597178574906,0.15188295975548977,0.625106401342526,0.42280837768717683,0.15122420361850697
0,8.200000000000001,0.6225769540843058,0.4231940526052456,0.15422899331044876,0.6231207282853121,0.42253334927414843,0.15346969843320132
0,8.4,0.6208411553668433,0.42268537466593975,0.15647346996721717,0.6212703788190642,0.4222183464170099,0.15562046611621166
0,8.6,0.6192388111967165,0.42214158082484354,0.1586196079784401,0.6195469325573036,0.4218681994388625,0.15768003809678496
0,8.8,0.6177596611007352,0.42156969344363854,0.16067064545562643,0.6179424552363783,0.4214873564428309,0.15965184312183792
0,9.0,0.6163942334683755,0.42097594325504883,0.16262982327657582,0.6164494775978093,0.4210799040510743,0.1615392099379581
0,9.200000000000001,0.6151337849011363,0.42036584488544,0.16450037021342384,0.6150609687133607,0.4206495991354737,0.16334536550340314
0,9.4,0.6139702442249382,0.4197442657172752,0.1662854900577868,0.6137703084765164,0.4201998852014506,0.16507344041596037
0,9.600000000000001,0.6128961608070539,0.4191154886531992,0.1679883505397471,0.6125712742650152,0.4197339141639289,0.16672646565623095
0,9.8,0.6119046568466221,0.41848326929743607,0.169612073855942,0.6114580056521405,0.41925457351543965,0.16830737641906024
0,10.0,0.6109893833332405,0.41785088802781023,0.17115972863894946,0.6104250405290216,0.41876567881926546,0.16981779225000826
0,10.200000000000001,0.6101444793916232,0.41722119739274455,0.17263432321563243,0.6094671964567655,0.4182701766741193,0.17125991858417508
0,10.4,0.6093645347519897,0.41659666523177497,0.1740388000162355,0.6085795784466445,0.4177702343066728,0.1726364549834466
0,10.600000000000001,0.6086445551058675,0.41597941388520376,0.17537603100892896,0.6077575852120329,0.4172678103091447,0.17395001914481606
0,10.8,0.6079799301254663,0.4153712558282572,0.17664881404627675,0.606996890829393,0.4167646687418287,0.17520314798595596
0,11.0,0.607366403941841,0.41477372603730994,0.1778598700208492,0.6062934304282851,0.41626239406518134,0.1763982989862186
0,11.200000000000001,0.6068000478928004,0.41418811137019,0.17901184073700976,0.6056433904661329,0.4157624019241079,0.17753785082520773
0,11.4,0.606277235366056,0.41361547721910374,0.1801072874148404,0.605043185804455,0.4152659565687319,0.17862410529849385
0,11.600000000000001,0.6057946185765226,0.41305669167315556,0.181148689750322,0.6044894534569276,0.4147741818460708,0.1796592852741845
0,11.8,0.6053491071290636,0.4125124474076302,0.18213844546330632,0.6039790371679405,0.4142880686660803,0.18064553941835512
0,12.0,0.604937848229412,0.41198328149901003,0.18307887027157815,0.6035089779652255,0.41380849014113247,0.18158494040704812
0,12.200000000000001,0.6045582084165465,0.4114695933479949,0.1839721982354588,0.603076499155208,0.4133362107111805,0.18247948965170355
0,12.4,0.6042077566995512,0.41097166087745035,0.18482058242299865,0.6026789968756358,0.4128718927802425,0.183331115000301
0,12.600000000000001,0.6038842489909736,0.4104896551581271,0.1856260958508995,0.6023140317596628,0.41241610646373666,0.18414167673993354
0,12.8,0.6035856137370035,0.4100236536020648,0.18639073266093192,0.6019793196274102,0.4119693360175748,0.18491296555337836
0,13.0,0.6033099386524564,0.40957365185173056,0.1871164094958132,0.6016727168981135,0.4115319902076679,0.18564670724452734
0,13.200000000000001,0.6030554584756195,0.40913957448205024,0.18780496704233046,0.601392221006918,0.41110440542077775,0.18634456069495758
0,13.4,0.60282054366455,0.4087212846225023,0.18845817171294793,0.6011359563727542,0.4106868539601216,0.18700812182307602
0,13.600000000000001,0.6026036899624433,0.4083185925972775,0.1890777174402794,0.600902167034945,0.4102795519261963,0.18763892652154926
0,13.8,0.6024035087652542,0.4079312636731008,0.18966522756164522,0.6006892101234055,0.4098826596315585,0.1882384492524458
0,14.0,0.6022187182298897,0.40755902499660257,0.1902222567735079,0.6004955525242762,0.40949629259250064,0.18880810738952364
0,14.200000000000001,0.6020481350660372,0.40720157179605654,0.19075029313790648,0.6003197567088663,0.4091205196625399,0.18934926172908767
0,14.4,0.6018906669590666,0.40685857291582156,0.19125076012511205,0.600160485318407,0.4087553717428031,0.18986321789484742
0,14.600000000000001,0.6017453055754874,0.4065296757458843,0.19172501867862846,0.600016483519697,0.4084008446854878,0.19035123042477592
0,14.8,0.6016111201061722,0.4062145106034566,0.19217436929037135,0.5998865862295623,0.408056901160374,0.19081449983367993
0,15.0,0.6014872513059998,0.40591269461859414,0.19260005407540626,0.5997697004705008,0.40772347895042804,0.1912541791266313
0,15.200000000000001,0.6013729059917533,0.4056238351712348,0.19300325883701208,0.5996648105111647,0.40740048763356096,0.1916713726495379
0,15.4,0.6012673519630396,0.40534753292287046,0.19338511511409012,0.59957096855792,0.4070878156338925,0.19206713902657346
0,15.600000000000001,0.6011699133137071,0.4050833844822375,0.1937467022040556,0.5994872903090254,0.4067853331252125,0.1924424911601776
0,15.8,0.6010799661037384,0.4048309847409018,0.19408904915536002,0.599412953148517,0.40649288912751924,0.19279840057334338
0,16.0,0.6009969343639043,0.40458992891140716,0.19441313672468868,0.5993471900332031,0.4062103227060858,0.19313579638790265
0,16.2,0.6009202864075947,0.4043598142977199,0.19471989929468564,0.5992892881033457,0.40593745840887735,0.193455566090812
0,16.400000000000002,0.600849531426208,0.4041402418250146,0.19501022674877755,0.5992385881269315,0.4056741064739412,0.19375855885472568
0,16.6,0.6007842163463017,0.40393081735339326,0.19528496630030517,0.599194470745412,0.4054200719545721,0.19404558860313983
0,16.8,0.6007239229283747,0.4037311527978818,0.19554492427374365,0.5991563673103931,0.4051751491197787,0.19431743145610555
0,17.0,0.6006682650887067,0.4035408670749987,0.19579086783629474,0.5991237402942335,0.4049391295424984,0.19457483198823175
0,17.2,0.6006168864271048,0.40335958689431367,0.19602352667858175,0.5990961016290595,0.40471179525572337,0.19481849786468267
0,17.400000000000002,0.6005694579447245,0.4031869474117037,0.196243594643572,0.5990729929784301,0.4044929270481051,0.19504910673775241
0,17.6,0.600525675937355,0.40302259275944946,0.19645173130319576,0.5990539896274323,0.40428230301222357,0.19526730586372193
0,17.8,0.6004852600506745,0.4028661764668882,0.19664856348243748,0.5990387014552034,0.4040796983371973,0.19547371223057325
0,18.0,0.600447951485026,0.40271736178403816,0.19683468673093596,0.5990267637654245,0.4038848871751942,0.19566891523999078
0,18.2,0.6004135113382157,0.40257582191942076,0.19701066674236367,0.5990178403428223,0.40369764430055255,0.19585347811221893
0,18.400000000000002,0.6003817190757231,0.4024412402022261,0.19717704072205094,0.5990116220638503,0.40351774552456104,0.19602793571491844
0,18.6,0.6003523711185276,0.40231331017797856,0.19733431870349405,0.5990078242569814,0.4033449654141679,0.19619280043802598
0,18.8,0.6003252795395073,0.40219173564596233,0.19748298481453053,0.5990061815622275,0.4031790824767334,0.1963485586177526
0,19.0,0.6003002708600643,0.4020762306458483,0.19762349849408756,0.5990064522380284,0.40301987563439795,0.19649567513430008
0,19.200000000000003,0.600277184939269,0.40196651940021755,0.19775629566051367,0.5990084112146558,0.40286712795710433,0.19663459239014613
0,19.400000000000002,0.6002558739484114,0.40186233621900197,0.1978817898325868,0.5990118545400348,0.40272062438130624,0.19676573158718785
0,19.6,0.600236201424393,0.4017634253712434,0.19800037320436376,0.5990165909048965,0.4025801533690893,0.19688949528102853
0,19.8,0.6002180413958971,0.4016695409290165,0.19811241767508658,0.59902244831151,0.4024455075303415,0.19700626533754817
0,20.0,0.6002012775767416,0.4015804465878501,0.19821827583540852,0.5990292669881546,0.40231648465970343,0.19711640548719037
0,20.200000000000003,0.6001858026212512,0.401495915467521,0.19831828191122797,0.599036902723486,0.40219288275920595,0.19722026183581962
0,20.400000000000002,0.6001715174368785,0.4014157298966772,0.19841275266644454,0.599045222420714,0.4020745079190942,0.19731816363100738
0,20.6,0.6001583305496728,0.40133968118436664,0.19850198826596072,0.5990541056258545,0.40196116871829474,0.19741042428374683
0,20.8,0.6001461575185354,0.40126756938120545,0.19858627310025934,0.5990634407765668,0.4018526766391956,0.1974973429010249
0,21.0,0.6001349203945073,0.4011992030326086,0.19866587657288426,0.5990731271472008,0.401748854363251,0.19757920096524953
0,21.200000000000003,0.6001245472216307,0.40113439892622454,0.19874105385214497,0.5990830751266611,0.40164952166845336,0.19765626846453785
0,21.400000000000002,0.6001149715761843,0.40107298183546214,0.19881204658835372,0.5990932017725848,0.40155450725057024,0.19772880133842952
0,21.6,0.6001061321413456,0.40101478426076853,0.19887908359788609,0.599103432200661,0.4014636420866602,0.1977970440321735
0,21.8,0.6000979723145531,0.4009596461701103,0.19894238151533677,0.5991136984731754,0.40137676565677644,0.19786122719786986
0,22.0,0.6000904398450573,0.4009074147399238,0.1990021454150191,0.5991239407104657,0.4012937201370437,0.1979215694824707
0,22.200000000000003,0.6000834864993371,0.4008579440976333,0.1990585694030298,0.5991341062573301,0.4012143499848778,0.19797827906035204
0,22.400000000000002,0.6000770677522407,0.4008110950666852,0.19911183718107428,0.5991441459318649,0.40113850795329925,0.1980315531224566
0,22.6,0.6000711425018727,0.40076673491491066,0.19916212258321686,0.5991540187491505,0.40106604969878995,0.19808158017515193
0,22.8,0.6000656728064014,0.40072473710690887,0.19920959008668987,0.5991636848357227,0.4009968375143155,0.19812853850765827
0,23.0,0.6000606236411022,0.4006849810610344,0.19925439529786354,0.5991731108479179,0.4009307353519623,0.19817259644747723
0,23.200000000000003,0.6000559626740789,0.4006473519114748,0.19929668541444645,0.5991822703886693,0.40086761214117944,0.19821391363753524
0,23.400000000000002,0.6000516600592297,0.4006117402758196,0.19933659966495088,0.5991911335876118,0.40080734510702065,0.19825264359047037
0,23.6,0.6000476882451302,0.40057804202844227,0.1993742697264277,0.5991996812721387,0.4007498129262703,0.19828892960177338
0,23.8,0.6000440217986102,0.40054615807995264,0.19940982012143738,0.5992078949643034,0.40069489531266345,0.19832290704864589
0,24.0,0.6000406372418944,0.4005159941629124,0.1994433685951934,0.59921575771441,0.4006424829716109,0.19835470619971585
0,24.200000000000003,0.6000375129022648,0.40048746062395546,0.1994750264737799,0.5992232560460615,0.40059246619374345,0.19838445068246546
0,24.400000000000002,0.6000346287732811,0.40046047222240766,0.19950489900431145,0.599230379400431,0.4005447392101038,0.1984122556952305
0,24.6,0.6000319663866711,0.40043494793545736,0.1995330856778717,0.5992371223591733,0.40049920143648765,0.19843823056148693
0,24.8,0.600029508694071,0.40041081076989476,0.1995596805360344,0.5992434771421,0.40045575664388294,0.19846248077328058
0,25.0,0.6000272399578575,0.40038798758040334,0.1995847724617394,0.5992494369415468,0.4004143123362997,0.19848510390436802
0,25.200000000000003,0.6000251456503731,0.40036640889436176,0.1996084454552653,0.5992550003681941,0.40037477809164906,0.19850619344164702
0,25.400000000000002,0.6000232123609,0.40034600874309045,0.19963077889600978,0.599260165754859,0.4003370682578147,0.1985258369971556
0,25.6,0.600021427709785,0.4003267244994554,0.19965184779075984,0.5992649333794051,0.4003010978048506,0.1985441198840736
0,25.8,0.6000197802691681,0.40030849672172675,0.1996717230091053,0.5992693040754241,0.40026678896146484,0.19856112000814918
0,26.0,0.600018259489805,0.40029126900357376,0.1996904715066214,0.5992732789543714,0.4002340670672169,0.19857691195455754
0,26.200000000000003,0.6000168556335157,0.4002749878300662,0.19970815653641827,0.5992768624620689,0.40020285559515556,0.198591566221615
0,26.400000000000002,0.6000155597108271,0.40025960243954195,0.19972483784963113,0.5992800602947257,0.40017308610654373,0.198605149987065
0,26.6,0.6000143634234095,0.40024506469119303,0.19974057188539762,0.5992828759256401,0.40014469037003453,0.198617725575506
0,26.8,0.6000132591109394,0.40023132893821645,0.19975541195084434,0.5992853131059743,0.4001176065833746,0.19862935352353572
0,27.0,0.6000122397020468,0.40021835190636973,0.1997694083915837,0.5992873791991206,0.4000917704556291,0.19864009053632162
0,27.200000000000003,0.6000112986690342,0.40020609257776957,0.19978260875319637,0.5992890787898326,0.4000671243323469,0.1986499887213149
0,27.400000000000002,0.6000104299860779,0.4001945120797688,0.19979505793415347,0.5992904203529583,0.4000436101442967,0.19865909865339462
0,27.6,0.6000096280906411,0.4001835735787456,0.1998067983306135,0.599291410974026,0.4000211750069998,0.19866746733143836
0,27.8,0.6000088878478552,0.40017324217863903,0.19981786997350592,0.5992920578774963,0.39999976707292817,0.19867514022175153
0,28.0,0.6000082045176394,0.4001634848240643,0.19982831065829654,0.5992923720389917,0.39997933490933407,0.19868215819292334
0,28.200000000000003,0.6000075737243471,0.4001542702078446,0.19983815606780847,0.5992923559592869,0.39995983434212357,0.19868856313525765
0,28.400000000000002,0.6000069914287478,0.40014556868279555,0.19984743988845682,0.5992920217254598,0.39994121663462034,0.19869439055334132
0,28.6,0.6000064539021617,0.40013735217760155,0.19985619392023696,0.5992913754505156,0.399923440308802,0.19869967748433326
0,28.8,0.6000059577025835,0.400129594116627,0.1998644481807897,0.5992904281100767,0.3999064616053548,0.1987044568785335
0,29.0,0.6000054996526417,0.40012226934350664,0.19987223100385182,0.5992891851224885,0.39989024485317953,0.1987087596428126
0,29.200000000000003,0.600005076819253,0.4001153540483631,0.19987956913238408,0.5992876569076458,0.39987474878164386,0.19871261515146899
0,29.400000000000002,0.6000046864948401,0.40010882569850537,0.19988648780665474,0.5992858499953494,0.3998599410378903,0.19871605380051588
0,29.6,0.6000043261799941,0.40010266297246105,0.19989301084754502,0.5992837742497663,0.3998457851212591,0.19871909883396338
0,29.8,0.6000039935674699,0.4000968456972049,0.19989916073532538,0.5992814378678805,0.39983224764194225,0.19872177605010838
0,30.0,0.6000036865274119,0.4000913547884453,0.19990495868414299,0.5992788482130843,0.39981929790620313,0.19872410894838966
1,0.0,1.2,0.0,0.0,1.2,0.0,0.0
1,0.2,1.1538698078319816,0.045672011203436,0.00045818096458238866,1.1557453664127466,0.04478118645110628,-0.00045911204313354244
1,0.4,1.1112862733797269,0.08696380261427239,0.0017499240060009358,1.114560261567115,0.08540902919612187,0.0001563699995466482
1,0.6000000000000001,1.071976716639932,0.12426273584915354,0.003760547510914536,1.0759517705320094,0.12250736101052973,0.0017127486254430177
1,0.8,1.0356894222442146,0.15792344436481365,0.006387133390971966,1.0397496383388958,0.15637118354452725,0.004086590988984409
1,1.0,1.0021920276213836,0.18827052130260716,0.009537451076009423,1.0056275372222312,0.1874048743343203,0.007201165036868304
1,1.2000000000000002,0.9712700350836845,0.21560099068945585,0.013128974226859852,0.9745496859044647,0.21501649886279,0.010678349728986184
1,1.4000000000000001,0.9427254383092889,0.24018657923346756,0.017087982457243717,0.9462307915552172,0.23956594699841227,0.01444532490230476
1,1.6,0.9163754544258291,0.2622758045932544,0.02134874098091666,0.9204131009872161,0.26137611353190343,0.018438541177814356
1,1.8,0.892051353575983,0.2820958947472257,0.02585275167679152,0.8965678125958394,0.28068428593394074,0.022952847035482327
1,2.0,0.8695973784703329,0.2998545519345552,0.030548069595112082,0.8744409010153893,0.2977362463741936,0.027998236633360526
1,2.2,0.8488697470089488,0.3157415735754617,0.03538867941558971,0.853906733990684,0.3127697319451023,0.033463549452346975
1,2.4000000000000004,0.8297357315850672,0.32993034159784285,0.04033392681709014,0.8347624064379304,0.32619936442485076,0.03913726448978218
1,2.6,0.812072809175268,0.3425791906936426,0.04534800013108953,0.8168972073913449,0.33829918827802685,0.04485664200189252
1,2.8000000000000003,0.7957678767738237,0.35383266519561635,0.050399458030560174,0.8002512671917308,0.3491858123281892,0.05056579776899509
1,3.0,0.7807165271473212,0.36382267349783676,0.055460799354842216,0.7847408565657757,0.3589640274807475,0.05624411920728667
1,3.2,0.7668223802719164,0.37266954823625664,0.06050807149182713,0.7702785506508004,0.3677722458965272,0.061843177038605576
1,3.4000000000000004,0.7539964661721335,0.3804830197941956,0.06552051403367115,0.7567853538622481,0.37572821538558254,0.06732620128242182
1,3.6,0.742156655209273,0.3873631100974052,0.07048023469332199,0.7441965216973245,0.38290188863272984,0.0726879372598834
1,3.8000000000000003,0.7312271321713288,0.39340095311038537,0.07537191471828597,0.7326424056510464,0.3892213348662634,0.07786768081207263
1,4.0,0.7211379107967932,0.39867954793617516,0.08018254126703178,0.7220387457301245,0.3947744368905326,0.0828629634762039
1,4.2,0.7118243856236459,0.4032744499525243,0.08490116442382994,0.7122746937040271,0.39967055731857865,0.08767783992717981
1,4.4,0.7032269182938302,0.40725440498501964,0.08951867672115033,0.7032833121683598,0.4039725973640158,0.09231614057351997
1,4.6000000000000005,0.6952904556641524,0.41068193111950035,0.09402761321634745,0.6951663081883169,0.407637249201462,0.09672606396759914
1,4.800000000000001,0.68796417727821,0.4136138523892772,0.09842197033251293,0.6878149892012095,0.4107244477437579,0.10095384985291442
1,5.0,0.6812011699419676,0.41610178823480864,0.10269704182322398,0.6811048810884333,0.4133183419436743,0.10503670984618747
1,5.2,0.6749581273191494,0.41819260232231287,0.10684927035853792,0.6749783576636147,0.41547382464564614,0.10897703271645506
1,5.4,0.6691950726228375,0.41992881402121673,0.11087611335594594,0.6693830410330089,0.4172402978335001,0.11277747977515794
1,5.6000000000000005,0.6638751026275517,0.42134897557642464,0.11477592179602386,0.6642297846894468,0.4187039075749391,0.11644069470915776
1,5.800000000000001,0.6589641513626169,0.42248801776836375,0.11854783086901954,0.6594431296996092,0.4199357190471883,0.11997074854079283
1,6.0,0.6544307719736475,0.42337756662997433,0.12219166139637833,0.6550099464402811,0.4209402811449669,0.12337590081193359
1,6.2,0.6502459353553176,0.42404623358376275,0.12570783106091982,0.6509048259284512,0.4217397082907099,0.12665929125194272
1,6.4,0.6463828442659799,0.4245198811723205,0.12909727456169978,0.6471041498747679,0.42235431310155824,0.12982408589933717
1,6.6000000000000005,0.6428167617338317,0.42482186638105107,0.13236137188511737,0.6435861072164389,0.42280608888412147,0.132869996885992
1,6.800000000000001,0.6395248526558419,0.4249732633910573,0.13550188395310098,0.6403302441167068,0.4231112518860461,0.135801141466837
1,7.0,0.6364860375751309,0.4249930674521241,0.13852089497274517,0.6373175685805929,0.4232846848365576,0.13862151991046548
1,7.2,0.6336808577004803,0.4248983814294897,0.14142076087003014,0.6345304343078029,0.4233400497666818,0.1413350175425637
1,7.4,0.6310913503036356,0.42470458645269554,0.14420406324366902,0.631934156247083,0.4233059431286553,0.1439478033489519
1,7.6000000000000005,0.6287009336965191,0.42442549797939205,0.146873568324089,0.6295046526321596,0.42320153103523184,0.14646481936377503
1,7.800000000000001,0.6264943010518158,0.4240735084807631,0.1494321904674213,0.6272318864646036,0.4230335816627202,0.14888925320927365
1,8.0,0.6244573223870198,0.4236597178574906,0.15188295975548977,0.625106401342526,0.42280837768717683,0.15122420361850697
1,8.200000000000001,0.6225769540843058,0.4231940526052456,0.15422899331044876,0.6231207282853121,0.42253334927414843,0.15346969843320132
1,8.4,0.6208411553668433,0.42268537466593975,0.15647346996721717,0.6212703788190642,0.4222183464170099,0.15562046611621166
1,8.6,0.6192388111967165,0.42214158082484354,0.1586196079784401,0.6195469325573036,0.4218681994388625,0.15768003809678496
1,8.8,0.6177596611007352,0.42156969344363854,0.16067064545562643,0.6179424552363783,0.4214873564428309,0.15965184312183792
1,9.0,0.6163942334683755,0.42097594325504883,0.16262982327657582,0.6164494775978093,0.4210799040510743,0.1615392099379581
1,9.200000000000001,0.6151337849011363,0.42036584488544,0.16450037021342384,0.6150609687133607,0.4206495991354737,0.16334536550340314
1,9.4,0.6139702442249382,0.4197442657172752,0.1662854900577868,0.6137703084765164,0.4201998852014506,0.16507344041596037
1,9.600000000000001,0.6128961608070539,0.4191154886531992,0.1679883505397471,0.6125712742650152,0.4197339141639289,0.16672646565623095
1,9.8,0.6119046568466221,0.41848326929743607,0.169612073855942,0.6114580056521405,0.41925457351543965,0.16830737641906024
1,10.0,0.6109893833332405,0.41785088802781023,0.17115972863894946,0.6104250405290216,0.41876567881926546,0.16981779225000826
1,10.200000000000001,0.5825346855007254,0.43681229529657495,0.18065301920269983,0.5826481163085515,0.4372083442594912,0.17931527108528297
1,10.4,0.5575032584613631,0.452076680579801,0.19042006095883612,0.5578712237434108,0.4522378545767309,0.18919789857000197
1,10.600000000000001,0.5354832622092525,0.46419590527521715,0.20032083251553057,0.5354478269762137,0.46464004242908447,0.19932655904835903
1,10.8,0.5161124035610226,0.47364733901398487,0.2102402574249927,0.5156110849080655,0.47434550430075245,0.20951924323678878
1,11.0,0.49907197537594816,0.4808434340726361,0.22008459055141594,0.49839877924403175,0.481443695013134,0.21963594045738222
1,11.200000000000001,0.4840816128936317,0.4861401015915815,0.22977828551478696,0.48357038324483836,0.4862451393663183,0.22961723289006572
1,11.4,0.47089468091570974,0.4898440372545228,0.23926128182976764,0.47064877131549254,0.48933411938967725,0.23940675048980262
1,11.600000000000001,0.45929421593726255,0.49221912605434,0.2484866580083976,0.4593526085184678,0.49103961319623834,0.2489564614254609
1,11.8,0.4490893564641506,0.4934920399312787,0.25741860360457086,0.4494715891438663,0.4916423457527285,0.2581964661055606
1,12.0,0.44011220278458296,0.4938571281536654,0.2660306690617518,0.4408239568821717,0.4913597108925581,0.26709124563925746
1,12.200000000000001,0.43221505452899805,0.4934806880870383,0.27430425738396386,0.43325072803455483,0.49037227898669555,0.2756192168137556
1,12.4,0.42526798056805737,0.49250469325974056,0.28222732617220225,0.42659769204761083,0.48888721533637414,0.2837279002737071
1,12.600000000000001,0.41915668126648364,0.4910500462016406,0.2897932725318759,0.4207509942038195,0.48701235865209125,0.29142312592335634
1,12.8,0.4137806079205827,0.4892194152494494,0.2969999768299681,0.41561103197887855,0.4848386594527346,0.2987133765492422
1,13.0,0.4090513084387092,0.48709970723792684,0.30384898432336416,0.411090662264065,0.4824425351876953,0.30560920748623144
1,13.200000000000001,0.40489097204629326,0.4847642216087859,0.31034480634492106,0.4071136208765871,0.4798879524335936,0.3121227572161637
1,13.4,0.40123114907158,0.4822745258607545,0.3164943250676657,0.4036131617213195,0.47722819074718237,0.3182673351059584
1,13.600000000000001,0.39801162474882174,0.47968208734050144,0.32230628791067706,0.4005308543349398,0.47450739124731417,0.3240570852634683
1,13.8,0.39517942850970067,0.47702969205187196,0.32779087943842755,0.3978155362002361,0.47176188702251065,0.3295066968813546
1,14.0,0.392687962462934,0.47435267736704334,0.3329593601700228,0.39542241288398955,0.4690213448135296,0.3346311626015527
1,14.200000000000001,0.3904962347230097,0.471680002193608,0.3378237630833825,0.3933122477859522,0.4663097712701889,0.3394455910306199
1,14.4,0.3885681849740726,0.4690351752297636,0.342396639796164,0.39145067414792434,0.46364634914829883,0.3439650427545212
1,14.600000000000001,0.38687209117252,0.46643705937614627,0.3466908494513338,0.38980757180511166,0.4610461990535435,0.3482044072220046
1,14.8,0.38538004762683303,0.46390056812377983,0.35071938424938737,0.38835947765512946,0.45850326830550087,0.35219266307250413
1,15.0,0.38406750586753385,0.4614372677648271,0.3544952263676393,0.38708349238136935,0.45602385534187584,0.3559462210879995
1,15.200000000000001,0.38291287075324104,0.4590558975426386,0.3580312317041206,0.38595866977231014,0.4536171873635366,0.35947673494669136
1,15.4,0.3818971451675882,0.456762818340431,0.361340036491981,0.3849666483060764,0.45129018124550246,0.362795590126664
1,15.600000000000001,0.38100361746123423,0.4545623991777789,0.36443398336098703,0.3840913393871852,0.4490478035661783,0.365913855885293
1,15.8,0.38021758649647414,0.45245734961814527,0.36732506388538083,0.38331863975744873,0.4468933825220834,0.36884225562951817
1,16.0,0.37952611977063216,0.4504490051688279,0.37002487506054016,0.38263617197112704,0.4448288991035686,0.371591138307831
1,16.2,0.37891784063866113,0.4485375718593429,0.3725445875019962,0.3820330954475018,0.4428552019509727,0.37417045465540744
1,16.400000000000002,0.3783827411341392,0.44672233539990824,0.37489492346595277,0.38149988640269744,0.44097221972209716,0.37658975463982075
1,16.6,0.3779120173090233,0.4450018396347339,0.37708614305624294,0.38102819391620063,0.43917912949297705,0.3788581760944655
1,16.8,0.37749792438301744,0.4433740384033174,0.37912803721366534,0.3806106946080603,0.437474496953597,0.3809844425474135
1,17.0,0.37713364931934107,0.4418364243963981,0.38102992628426097,0.3802409478718154,0.4358564049897607,0.38297687420484716
1,17.2,0.3768131987303963,0.4403861381324197,0.38280066313718414,0.379913311126017,0.4343225623555094,0.38484337722305506
1,17.400000000000002,0.37653130026905596,0.43902005977720276,0.3844486399537414,0.3796228206106315,0.43287038828828805,0.3865914675910135
1,17.6,0.3762833158831706,0.43773488617693,0.3859817979398995,0.37936510941720125,0.4314970913171875,0.38822827483410244
1,17.8,0.376065165506079,0.4365271951662629,0.3874076393276583,0.3791363485817056,0.43019972152525304,0.3897605513372525
1,18.0,0.37587325992760756,0.4353934989439628,0.38873324112842983,0.37893316844908814,0.4289752410621224,0.391194684350093
1,18.2,0.3757044417410913,0.4343302880729769,0.38996527018593197,0.3787526058791228,0.4278205515195207,0.39253671412238833
1,18.400000000000002,0.375555933394822,0.43333406745635833,0.3911099991488199,0.37859205145228003,0.4267325387275243,0.39379234233318444
1,18.6,0.37542529149321907,0.4324013854609093,0.3921733230458719,0.3784492161260634,0.4257080959822538,0.3949669448622431
1,18.8,0.3753103665958434,0.43152885720383205,0.39316077620032475,0.37832207510650934,0.4247441588874125,0.39606559541719494
1,19.0,0.375209267852831,0.430713182881087,0.39407754926608224,0.3782088453412143,0.4238377153090121,0.3970930701312557
1,19.200000000000003,0.37512033189489596,0.42995116189709676,0.3949285062080075,0.37810795717722095,0.42298582694394415,0.3980538649323767
1,19.400000000000002,0.3750420954660528,0.42923970345170753,0.3957182010822398,0.3780180228234698,0.4221856318086615,0.39895221048582263
1,19.6,0.37497327134878633,0.428575834150006,0.39645089450120785,0.3779378295431344,0.42143435751214536,0.39979208049560383
1,19.8,0.37491272718556784,0.4279567031220001,0.39713056969243216,0.37786629491753965,0.42072934033579573,0.4005772118833422
1,20.0,0.3748594668482702,0.42737958507084,0.39776094808088996,0.37780246629043424,0.42006800615354106,0.40131111398370367
1,20.200000000000003,0.3748126140489537,0.42684188160887543,0.39834550434217103,0.3777455034014989,0.4194478944890912,0.40199708003868895
1,20.400000000000002,0.374771397922373,0.42634112118929673,0.3988874808883304,0.37769466213131087,0.4188666469020912,0.4026382031619262
1,20.6,0.37473514034299465,0.4258749578963842,0.3993899017606214,0.3776486301288491,0.4183237913726459,0.40323625883818603
1,20.8,0.3747032447678536,0.42544116931863224,0.3998555859135144,0.377605848299983,0.4178199135704319,0.4037922169301751
1,21.0,0.37467518642168096,0.42503765369545937,0.40028715988285984,0.37756613117058463,0.4173521938194849,0.4043090743826226
1,21.200000000000003,0.3746505036628199,0.4246624264991906,0.40068706983798974,0.37752930229710147,0.41691801900439224,0.4047896107704492
1,21.400000000000002,0.3746287903878732,0.4243136165889287,0.40105759302319827,0.3774951867642323,0.416514973445128,0.4052364066896321
1,21.6,0.37460968935011796,0.42398946205129967,0.40140084859858255,0.3774636254949161,0.4161408140102395,0.40565186074321236
1,21.8,0.3745928862817543,0.4236883058244249,0.40171880789382103,0.3774344681648033,0.4157934576734407,0.4060381970764409
1,22.0,0.37457810472328346,0.42340859118543966,0.40201330409127706,0.3774075622266337,0.41547098483185396,0.40639748325678654
1,22.200000000000003,0.3745651014749422,0.42314885716811446,0.40228604135694346,0.3773827698599316,0.41517160529403135,0.406731638958511
1,22.400000000000002,0.3745536625953574,0.42290773396533504,0.40253860343930775,0.3773599610244095,0.4148936657459992,0.4070424451581015
1,22.6,0.37454359988158603,0.42268393836110474,0.4027724617573094,0.3773390080416228,0.4146356331600487,0.40733155869370574
1,22.8,0.37453474777262785,0.4224762692281181,0.40298898299925423,0.3773197900407914,0.4143960806922085,0.4076005169905624
1,23.0,0.37452696062546376,0.42228360311962426,0.40318943625491216,0.37730219823821337,0.4141736876822447,0.4078507486612915
1,23.200000000000003,0.37452011031880333,0.4221048899780728,0.403374999703124,0.37728612954639573,0.41396722721025403,0.4080835805301832
1,23.400000000000002,0.37451408414511567,0.4219391489777715,0.403546766877113,0.37727148171143726,0.4137755619488616,0.4083002459346299
1,23.6,0.37450878295626183,0.4217854645143458,0.4037057525293925,0.37725815998176093,0.41359763918585835,0.4085018883011279
1,23.8,0.37450411953221857,0.42164298235006364,0.403852898117718,0.37724608155393585,0.41343247672167327,0.40868957251185356
1,24.0,0.3745000171460544,0.42151090592097995,0.4039890769329658,0.3772351640413269,0.4132791653580549,0.408864285032378
1,24.200000000000003,0.37449640830154796,0.4213884928092673,0.4041150988891849,0.3772253283916652,0.4131368639207085,0.4090269448951
1,24.400000000000002,0.374493233622678,0.42127505138196897,0.40423171499535315,0.37721650374966603,0.41300478764544973,0.40917840395467503
1,24.6,0.3744904408767148,0.42116993759566496,0.40433962152762043,0.37720861828752095,0.41288221149644677,0.40931945608344766
1,24.8,0.3744879841148392,0.4210725519651268,0.4044394639200342,0.3772016122644996,0.4127684585523736,0.4094508366605941
1,25.0,0.3744858229161505,0.4209823366929042,0.4045318403909455,0.37719542510628007,0.4126629033246521,0.4095732299795543
1,25.200000000000003,0.37448392172262485,0.42089877295589406,0.4046173053214813,0.3771899987393151,0.41256496346184746,0.4096872723131758
1,25.400000000000002,0.37448224925408186,0.4208213783442506,0.4046963724016678,0.3771852889832506,0.41247409560186593,0.4097935524245713
1,25.6,0.37448077799353446,0.42074970444747795,0.4047695175589878,0.37718124221036126,0.412389801178878,0.4098926187191216
1,25.8,0.3744794837344541,0.42068333458217005,0.40483718168337607,0.37717781618533996,0.412311609002549,0.4099849835867634
1,26.0,0.37447834518250284,0.42062188165560777,0.4048997731618895,0.3771749656163772,0.41223909101968736,0.4100711205922737
1,26.200000000000003,0.37447734360517926,0.4205649861592703,0.4049576702355506,0.3771726539643751,0.4121718415752339,0.41015146754041387
1,26.400000000000002,0.37447646252361416,0.42051231428624397,0.4050112231901421,0.3771708384382989,0.41210949317390994,0.4102264351605051
1,26.6,0.37447568744144527,0.4204635561665105,0.4050607563920445,0.37716949027923885,0.41205169242296447,0.4102964035304266
1,26.8,0.3744750056063095,0.4204184242141472,0.40510657017954343,0.3771685753099399,0.4119981224303061,0.4103617236091879
1,27.0,0.3744744058000295,0.4203766515805686,0.40514894261940204,0.37716806296537725,0.41194848123593164,0.41042272617693243
1,27.200000000000003,0.3744738781540421,0.42033799070807115,0.40518813113788693,0.3771679289324629,0.41190248927796996,0.41047971519379217
1,27.400000000000002,0.37447341398703127,0.42030221197810214,0.4052243740348668,0.37716814417442335,0.41185988773356114,0.4105329754627479
1,27.6,0.37447300566209546,0.42026910244885385,0.4052578918890508,0.3771686818773958,0.4118204393484169,0.4105827708416284
1,27.8,0.3744726464610982,0.42023846467698056,0.4052888888619215,0.37716952550848043,0.4117839193116557,0.4106293434768245
1,28.0,0.37447233047413503,0.4202101156184423,0.4053175539074228,0.37717064644769954,0.4117501252105282,0.41067292427586494
1,28.200000000000003,0.37447205250229854,0.42018388560369285,0.4053440618940088,0.3771720324690432,0.4117188571209662,0.4107137232011266
1,28.400000000000002,0.37447180797214097,0.4201596173826463,0.4053685746452129,0.3771736624548578,0.4116899400057151,0.4107519354001227
1,28.6,0.3744715928604278,0.42013716523507477,0.40539124190449755,0.37717552070583515,0.41166320878224577,0.41078774529236195
1,28.8,0.3744714036279438,0.42011639414230734,0.4054122022297491,0.3771775881883007,0.4116385058340729,0.41082132120534587
1,29.0,0.3744712371612624,0.42009717901631244,0.40543158382242533,0.3771798510090614,0.41161568847679936,0.4108528220157149
1,29.200000000000003,0.3744710907215211,0.42007940398245835,0.40544950529602064,0.3771822991650181,0.411594623151193,0.41088239485039
1,29.400000000000002,0.3744709618993589,0.42006296171244767,0.4054660763881936,0.37718491570647533,0.4115751870823074,0.4109101745757155
1,29.6,0.37447084857527535,0.4200477528041216,0.40548139862060323,0.37718769063033397,0.41155726662036113,0.4109362883951751
1,29.8,0.3744707488847587,0.4200336852050202,0.40549556591022123,0.3771906137945631,0.411540752263375,0.4109608517625332
1,30.0,0.37447066118760897,0.42002067367676815,0.40550866513562306,0.37719367227849304,0.41152554446409517,0.41098397808812476
