split,T_K,tau_min,feed_mol_L,C_A,C_B,C_C
train,346.4373629133578,4.949905957768471,1.4010185439379677,0.41874704041604677,0.4872865026995818,0.49498500082233904
train,341.84208174356183,1.8475961309888458,1.4829356461457293,0.8755536727493595,0.4628410940381371,0.1445408793582326
train,345.66838211942115,8.074578747492584,0.8896795428728821,0.19002600521290056,0.2686146928428992,0.43103884481708216
train,327.023156273734,4.337182218093231,1.4487354921940212,0.8349475645844862,0.4454708480873107,0.16831707952222436
train,338.6319072048399,8.40485451943747,1.1103899391791319,0.3023919052693558,0.3612460010001045,0.4467520329096716
train,313.6343233070866,5.991263083142513,0.8446720792729228,0.5769628968760029,0.21050580921941311,0.057203373177506685
train,349.65787031955495,6.684979592098584,1.3306614180597616,0.282166759157403,0.4084668690418502,0.6400277898605086
train,321.2715580877921,9.736282219554129,1.4251847849255384,0.6513009039003079,0.4704209631171426,0.303462917908088
train,346.7030098244257,2.751748370667708,1.126704702608924,0.4853427228563032,0.4082555925929962,0.2331063871596247
train,302.6282259472337,2.3886054286079306,1.2781342672697182,1.1701811349740012,0.10177810927145321,0.00617502302426381
train,344.685729354469,9.70758759190789,1.0280777506967065,0.19722186681676565,0.2913988244554414,0.5394570594244994
train,322.2275823620921,5.226002301482271,0.932629951359,0.5570879998753663,0.2756033432135098,0.0999386082701239
train,307.7952903201283,5.281344336033404,0.9588365443356189,0.7464490107738344,0.1804440435401447,0.03194349002163985
train,340.18883968095065,4.934367269850977,1.3828747372404862,0.5119457359753204,0.4901654854013354,0.3807635158638303
train,342.01590612013496,3.8112997724383697,1.3825818609766407,0.5657413691910541,0.4953512014909001,0.32148929029468626
train,348.2858614498081,4.487305411271571,1.0018296727511709,0.3007368843070485,0.35157016511027417,0.34952262333384815
train,340.94973023849855,2.257772352483788,0.9399357417325759,0.5193996374557025,0.3075695776255477,0.11296652665132571
train,300.44173618506034,8.082319397519246,1.2653955996144224,0.9962053565707497,0.22773445982443444,0.04145578321923827
train,342.3099227175801,8.026561279197711,1.121241042876838,0.27435136587453984,0.3552261714209514,0.4916635055813468
train,334.12447175717364,2.258172983148917,0.8801710514751815,0.5623108899835577,0.24983895090838545,0.06802121058323843
train,340.1041777074283,5.239865855288192,1.1956652745368321,0.4272330179902124,0.4217781171525902,0.3466541393940296
train,345.89993144496157,6.712464880005317,1.1875055804605972,0.28987927741850056,0.38246374989469106,0.5151625531474056
train,333.55242964472484,3.7355508825635098,0.8215724841975576,0.4308783889742541,0.27150934809393507,0.11918474712936848
train,326.2030433539417,2.931262055375763,1.0859700506072454,0.7365348945888659,0.2805058687707803,0.0689292872475991
train,351.20418439608994,3.1054553727880667,0.8408119191823462,0.29382095060442426,0.30813025483829176,0.23886071373963033
train,316.8830335213198,3.6423438199001525,1.2633415603088265,0.9405417187310058,0.2702301931527853,0.05256964842503538
train,333.4219291404767,8.05508388195772,1.2650194782291713,0.4300576890815918,0.43016439297436093,0.4047973961732185
train,324.38321168640425,8.326183461994312,0.9168810439353927,0.4138510036126289,0.30663533114275515,0.1963947091800086
train,301.3627243880316,1.8104307469807757,1.3056515454175153,1.2267273553888998,0.0756773828520169,0.0032468071765985682
train,327.7126338150832,2.451446011302416,1.1507313425723544,0.8036646622298494,0.28435426668743413,0.06271241365507076
train,309.1387261627901,7.266883375699624,1.1123093929018215,0.7799596553210696,0.26347728489317834,0.06887245268757346
train,322.86127356578896,3.7136088023308886,1.241197815183222,0.8292014588383083,0.3255227655027319,0.0864735908421817
train,321.70875663320345,1.7888492738449089,0.8826041314843608,0.7211276318057306,0.14403968627801858,0.017436813400611494
train,357.7138598729709,9.177226216368464,1.2897949936675248,0.15160416173696092,0.28681792164669695,0.8513729102838669
train,315.9521976875712,9.722587396129516,1.3451256327760563,0.7206972277804821,0.41748411928233986,0.2069442857132343
train,343.01341134953975,5.044253519294098,0.9905690932916114,0.32898992738128363,0.34888385225912993,0.3126953136511978
train,305.78345772920994,9.123421568894575,1.1190434028835279,0.7812600555242144,0.2649670387587337,0.07281630860057976
train,312.1418018877138,3.7536096173558726,1.2054536982593271,0.9527100211037609,0.21830499673080314,0.03443868042476302
train,310.6063669763539,8.70952855683138,1.330963670884647,0.8533158834436979,0.3569402093527103,0.12070757808823887
train,343.1677773570562,4.888837357975934,1.2391161884917103,0.41800206406870294,0.43807397302521733,0.3830401513977899
train,335.04587813476417,6.84861941399338,0.8591110247979225,0.30669807123378157,0.2969315810455676,0.25548137251857317
train,324.94844413023657,1.3745275647570323,1.1457935734711633,0.9491179340512818,0.17740784279695337,0.019267796622928157
train,319.7916727399671,2.300717699794422,0.8723820774057862,0.6937258256653193,0.15646292977061685,0.022193321969850115
train,335.2586743306627,2.535336716831975,1.447584082863758,0.8645355290899557,0.4411852277923167,0.14186332598148585
train,334.8636683820237,4.121828240813533,1.2136408440369917,0.5853062762035998,0.41511354148132384,0.2132210263520681
train,301.3682322617818,9.627032919173008,1.1376124058600303,0.8475477435739943,0.2361688282200276,0.05389583406600842
train,346.96411363501716,1.7445699993019472,1.1406608315867124,0.6169834288513507,0.383381220972715,0.1402961817626467
train,329.44241966127123,9.440438094774846,1.2002096366632529,0.4239718602355493,0.4042604799223506,0.3719772965053529
train,328.40936406341723,3.4027809678270424,1.0320982981397866,0.6358465928784277,0.3010571773139984,0.09519452794736051
train,331.24034414829225,4.95020314274542,0.8151284559162313,0.3957332476037074,0.27520859569331363,0.14418661261921034
train,349.5775154516615,9.0654469465579,0.8981743622990276,0.14921765807510698,0.2402125952542134,0.5087441089697072
train,333.242168612343,1.977181670218992,1.2705680651278681,0.8631840143435124,0.33144315983615863,0.0759408909481971
train,316.87402703034047,6.934803712227116,1.3088962300008178,0.7917863982864958,0.377391878689212,0.13971795302511006
train,346.1188495150594,1.969668513603069,1.4412082915963256,0.7511539968869659,0.49329266239853975,0.19676163231081986
train,313.81283945369285,1.336713005585618,1.1883967285740384,1.075807696645897,0.10609786831669331,0.00649116361144816
train,322.2553370317463,8.468107688191719,1.3657760304450113,0.6522090605918955,0.4492465397755462,0.26432043007756956
train,319.0283335693629,9.576094555627705,1.003642486698083,0.49566342070328234,0.32382015482281,0.18415891117199085
train,330.90342775390286,3.303685815108425,1.4552304990342744,0.8588654923490175,0.44361789279445896,0.15274711389079762
train,309.8764690549211,1.4041955745309609,1.1045679420021266,1.0168799656491063,0.0833145123390185,0.004373464014001814
train,359.5425338433502,9.025095396294226,1.3240256136198645,0.1464515923009781,0.2848362077068412,0.8927378136120454
train,353.4475494527115,9.041019757280768,1.1632008522705144,0.16521271024104986,0.28758144853011297,0.7104066934993516
train,318.95574310984756,7.948111888998892,1.2631628842174327,0.6839054189868727,0.39396058670046274,0.1852968785300973
train,322.4194637324226,1.8502000125536373,1.322752727944318,1.0656002549035524,0.227654950583674,0.029497522457091647
train,315.7476309553719,9.431318354804013,0.9686794025039793,0.5292782997927411,0.2977095302052545,0.14169157250598377
train,307.36547594468914,8.480014049124154,0.9072990216371459,0.6280745031102205,0.2185094329298607,0.06071508559706474
train,310.75609848946436,6.394445123687592,1.412193428586225,0.9981511577882536,0.33117648100526415,0.08286578979270719
train,311.7860799428744,3.792913056100853,1.3441833867688242,1.0649088253966825,0.2414783844442404,0.03779617692790131
train,358.30958556365806,5.506670675821081,0.9007282517858756,0.15992308566566737,0.2624187842799779,0.4783863818402303
train,300.8361772624921,3.0669042699896973,0.8922755524505648,0.8073022374797456,0.07936989889646587,0.005603416074353237
train,340.65952041677144,2.0964925416567803,1.1544309521344431,0.6632241894105096,0.36744505767421193,0.12376170504972146
train,341.6557461385732,6.230049482988122,0.9398429561620404,0.28335028849303673,0.3210752543285158,0.33541741334048775
train,348.2474715709358,7.438664166542215,1.3172888027408791,0.27120272902832737,0.3954280595049339,0.6506580142076179
train,307.8634650934388,2.1137842328531016,1.4492937857045554,1.3005475413517253,0.1388713827055265,0.009874861647303433
train,323.8546916294964,3.7085382260284576,1.1420088317460735,0.7487170658147776,0.3076945660015977,0.08559719992969833
train,339.77185276581497,9.60060931342273,1.0005123588174385,0.236019454258547,0.30771933370852317,0.45677357085036846
train,355.48850575872166,1.2237354224763068,1.1886386296287772,0.6251648501770942,0.41351290618900494,0.1499608732626779
train,338.0385067008651,1.9530766337567798,0.898237717944739,0.5607341911933751,0.2636695943575852,0.07383393239377858
train,325.14685915897826,9.696087209288635,1.217229787264061,0.4911522176621476,0.4094367080661212,0.3166408615357921
train,355.9813932960127,8.239248240516737,1.127167121088704,0.15629145358881075,0.27821198148332094,0.6926636860165722
train,347.08580695513126,1.1605310557928896,0.8764007977360145,0.558908777970853,0.25508163122747624,0.062410388537685414
train,349.7657168929642,8.171353794926455,0.9628485193765036,0.17298220973316114,0.2701543290203851,0.5197119806229574
train,331.8461754359432,6.454142386300099,1.4074172676432077,0.5796062118727402,0.48632490414649415,0.3414861516239736
train,336.18642944032354,4.713144123463123,1.0619288303850278,0.45828445433269954,0.37196066527689153,0.23168371077543676
train,325.5529251824106,6.867379230219767,1.4072434422266276,0.6793635021660284,0.46708440229513726,0.2607955377654621
train,327.233812924578,3.2305560665622233,0.9656636540983068,0.6213804542586656,0.26808761084870264,0.07619558899093859
train,344.76085681460677,8.349118870815193,0.8736946558978875,0.18841671037762606,0.26384813431229187,0.4214298112079698
train,303.9935314173107,6.349902973808066,0.9023212709348889,0.711560795768136,0.16252731277365814,0.028233162393094736
train,349.4798514273805,3.79301206531667,0.9007103530797999,0.2914910533966832,0.3236056975641409,0.28561360211897574
train,355.258228349247,2.4897855046175037,0.9993040576365549,0.3551371998655835,0.37210439162277525,0.2720624661481963
train,309.21680371152354,2.039410572988195,0.8148036114355081,0.7273906645903044,0.08141584512323452,0.005997101721969119
train,303.3237245498556,2.5717732384226744,0.8373673528390229,0.7585210750697688,0.07383674078555785,0.00500953698369623
train,335.4686289666583,7.126430741195557,1.0755413197824197,0.3687145589672358,0.3696206284616388,0.3372061323535452
train,319.079465817123,5.54073613320007,1.4125034595642258,0.8857114837201393,0.39611933097742896,0.13067264486665742
train,351.06789760933236,1.3912755581151275,0.9270488867175669,0.5069930837201123,0.31222078733817704,0.10783501565927742
train,314.20469226626375,3.2444881824899063,1.199862856219941,0.9521582000065679,0.21511861658468068,0.03258603962869224
train,324.97574554219153,1.4432870793483459,1.0615298969217002,0.871590220999556,0.17047365510064255,0.019466020821501593
train,331.42517692305825,1.9150471261334436,1.3834209876519918,0.9782657868886018,0.33639660751363964,0.06875859324975037
train,303.11771198790626,9.32357682116256,0.8693791991059129,0.633744600726589,0.18953485523717295,0.046099743142150824
train,350.61449709586515,9.123878295348554,1.4856994764106148,0.23527899056248544,0.3878901086857618,0.8625303771623676
train,348.1215528164156,8.01529786694196,1.2497382931968835,0.2435949465266145,0.36404065553192994,0.6421026911383391
train,346.73978127468774,2.2109698757183236,1.1752476251633461,0.5694811742502258,0.41505824184960577,0.1907082090635145
train,330.85337221142487,8.718149297103018,1.1239595559154612,0.39753143002227975,0.38101502484713473,0.3454131010460466
train,323.1053697660212,6.756069441133991,0.9865243222505923,0.5146986408882972,0.31688083793919175,0.15494484342310338
train,308.3861046572374,5.300895466213712,1.0918225580164196,0.8421626430374376,0.2109862948598411,0.03867362011914084
train,313.95419643173244,4.307606291036152,1.0564747148783733,0.7883130737819893,0.22373331653557166,0.04442832456081231
train,319.6497338647527,4.41517671754236,1.2800203418191618,0.8590084746342613,0.33142153435567284,0.08959033282922754
train,317.8125884742771,9.539721340438064,1.4414436136767246,0.7391705051838926,0.457930809104301,0.244342299388531
train,328.8546256980047,3.9552508450421993,1.1748043528810022,0.6742025784931811,0.364022709922824,0.13657906446499707
train,350.9136293264175,6.873286065040919,1.3630742795629542,0.2692493321452226,0.40577771217816094,0.6880472352395706
train,331.9633365639444,6.696258663408587,1.0017089299277233,0.40208381378427344,0.3461234722932867,0.2535016438501632
train,344.0935897386174,2.821641338131465,1.286358690172949,0.5878159258496544,0.4581120080121008,0.2404307563111937
train,351.64314409955364,2.1889255357138953,1.2300658183793438,0.52555814617842,0.45270900364552363,0.2517986685554003
train,305.70574489379607,7.531440654442842,0.8591452531764642,0.6339911502661336,0.18366155050995647,0.041492552400374076
train,356.15638936203754,2.2366713703402192,1.4712161721363564,0.544823240604561,0.5512447531916397,0.37514817834015574
train,348.0530505651058,6.343138040197187,1.347836873240683,0.3165691285977312,0.43114806618346885,0.6001196784594828
train,347.70689033898515,9.514243565355972,0.9773683476874311,0.16842242194571058,0.2645240649982429,0.5444218607434776
train,335.40455372149853,1.855442778079611,1.2313159900168849,0.8222972977966486,0.3306931552449196,0.07832553697531656
train,310.27747824556735,6.084555503251977,1.2007013598236949,0.8681080924674259,0.2699064621908967,0.06268680516537213
train,327.95910917887363,5.703685979618105,1.3347463730046116,0.6611904208647208,0.4434068538471719,0.23014909829271885
train,347.954682990724,5.429378940178863,1.2197154090658286,0.3231201701525098,0.4100462846903592,0.48654895422295974
train,355.8741741414061,2.077602296510105,0.8819724961300774,0.3447268317604844,0.33058238756507696,0.20666327680451618
train,305.2625407146461,6.9207695653647505,1.0930258105532658,0.8298264696501993,0.21883516312777318,0.044364177775293195
train,346.4592849685106,7.041082719777333,1.0335464308297668,0.2381224999581353,0.32515902348862763,0.47026490738300375
train,353.90199284169216,7.862789323635871,0.989374458637123,0.1553377856499271,0.26163937394803655,0.5723972990391595
train,321.85152106632324,3.829959821838366,0.9103281540374998,0.613675021303287,0.23525688915398035,0.06139624358023242
train,308.8670023525315,9.425147170381697,1.1065328260391274,0.7169867596710149,0.2919602847360344,0.09758578163207808
train,322.9991893666446,7.567171378096401,1.18709514567703,0.587522799497899,0.3880995643656255,0.2114727818135055
train,356.1683992103077,8.022713445184529,1.1355586948871783,0.1598822990801573,0.28344473628442773,0.6922316595225932
train,322.5815684088496,9.879683904318899,1.3024321652025503,0.5660989009152663,0.43382721571444144,0.3025060485728426
train,357.0716796002305,2.0663071949533722,1.3953735754335477,0.5285183477607719,0.5248108878886804,0.3420443397840956
train,338.22443303947244,2.097295105016013,1.2117805999784546,0.7332224298058645,0.36722990094019825,0.11132826923239171
train,341.1657819063269,1.1107241729974255,1.1180225732892226,0.7970050697843122,0.27150223477328034,0.04951526873163018
train,349.52397067177924,3.658231228096809,1.1209836572589857,0.3711722668714042,0.40469662516449384,0.3451147652230876
train,326.5388476240736,3.7173465229824245,1.442909326860888,0.8944671063247949,0.4165652478015209,0.13187697273457205
train,346.87764212589093,1.9952956989649944,1.4979242604863012,0.7616906458248879,0.5195587989862845,0.21667481567512883
train,352.7520014584647,3.555175940776351,1.3858276057626568,0.42031111163948287,0.49649610609711287,0.46902038802606105
train,306.385171912283,9.991942574268148,1.265979315274576,0.8484436921841796,0.31853593094979527,0.09899969214060114
train,339.0075009335278,1.8139665428571947,1.4279233792276376,0.8991291318593825,0.4159441141204154,0.11285013324783966
train,301.7399701922682,3.1674525223703234,0.9001153126166446,0.8069898103200265,0.08649681848188431,0.006628683814733733
train,346.6060764415331,2.783838044916081,1.4374467589916198,0.616819355931416,0.5209290924312945,0.2996983106289094
train,339.3761423596494,1.325464394452266,0.8038008838900904,0.558940586132926,0.20380427226552367,0.04105602549164073
train,303.09947502086396,6.453326598829549,1.3610372676015907,1.0827278277709609,0.2382415096215365,0.040067930209093244
train,314.3131692376433,8.644679586307657,0.8400623581072824,0.49481385689704194,0.2455838342347549,0.09966466697548543
train,348.05783121850055,9.350158871550523,1.3404758793730664,0.23099355166684324,0.36350685352395595,0.7459754741822674
train,341.8872470387182,8.541821967898448,0.8281059096829465,0.1964841360417959,0.2581655459700956,0.3734562276710549
train,312.1069266431433,2.124313113750788,1.1531716931350906,1.0029190698160702,0.13795782933037304,0.012294793988647475
train,344.7112876997307,6.670106601187588,1.3957917698333544,0.35804571571303845,0.4564773896267177,0.5812686644935982
train,309.31277954646544,7.611589827416454,0.9351290436082329,0.6443720215041936,0.22781229672222716,0.0629447253818121
train,316.245525079068,7.389142275531735,1.4861433494290772,0.8898101464267562,0.4314075769570662,0.16492562604525493
train,336.69261635862415,1.4905028349216605,1.2314162789492729,0.862409397965229,0.3071388795316933,0.06186800145235061
train,302.54103309481,8.957311402301354,1.2967047995704344,0.9648240935492551,0.2706053455473939,0.061275360473785366
train,310.38767078535017,1.8254890524177827,0.9284732602162233,0.8321615374695805,0.09000417620160281,0.006307546545040048
train,358.80163077325153,5.127045782126409,1.3488566638389856,0.24918367242135347,0.40279489894565595,0.6968780924719761
train,338.1845005264666,6.151718349627736,0.9015911782655348,0.30978168846114645,0.3135150182131924,0.27829447159119586
train,356.76146721348573,3.7120836926324614,1.2046120510652796,0.30857568145779124,0.4154695506888445,0.4805668189186437
train,341.986556675344,6.84309839720778,1.458416086786863,0.4064158884261134,0.48617594766414896,0.5658242506966008
train,308.9063393952035,5.575174646022479,1.0828240735185362,0.8189715869013632,0.22022208167331603,0.04363040494385689
train,328.4501237689571,2.0729577357797018,0.8938662269109358,0.6474923985733607,0.2065175335341087,0.03985629480346635
train,316.68453274687545,3.7423414338474816,1.099532249576945,0.8153934165847823,0.23719541679491118,0.04694341619725165
train,336.6592528221977,6.711662056764367,1.0882676276098993,0.372271277034731,0.37571096944992927,0.34028538112523893
train,324.5269865657218,2.958656740272658,1.2118143738863059,0.8441939701382853,0.29908479984146946,0.06853560390655104
train,319.0224546790343,1.3245385084962733,1.0928800309098023,0.9572351984892714,0.12575550824797677,0.009889324172554278
train,328.4479605054102,3.030335813837899,1.200720553185481,0.771586755427491,0.33471271598840374,0.09442108176958629
train,333.9463140259153,7.318019629993342,1.253563937540847,0.4454091770427943,0.43094854994630394,0.3772062105517487
train,339.1459833912619,3.845927366416388,1.3512025553901679,0.5989485074169353,0.4765018512371497,0.2757521967360831
train,332.94866301598074,4.882763756619011,1.23820873665874,0.5766708889162775,0.42449947061468246,0.2370383771277799
train,321.63944006701524,5.614653201460824,1.3156939819375544,0.773935615220688,0.392952626537001,0.14880574017986536
train,353.18417320342246,9.289514775656725,1.1525430476281695,0.16167921822479175,0.282173481736595,0.7086903476667827
train,331.2165068844341,8.198833696874528,1.020115484220941,0.3705458156411256,0.34795841296957114,0.30161125561024416
train,350.2429417407041,5.447274818656811,0.8810997070346879,0.21407032548543323,0.28904993939259327,0.37797944215666146
train,304.32354882437664,8.577938899355168,0.8388975418348146,0.6123392981586975,0.18287217970273453,0.043686063973382615
train,316.83668616801936,4.007170364513913,0.9210961116341156,0.6691394431135501,0.2076232142893743,0.0443334542311912
train,318.83360218811936,7.684233100525771,0.8102779904920496,0.4469303686102256,0.2502384456412766,0.11310917624054737
train,349.6304054712412,8.708932212171025,1.0605831012340838,0.18178197522941733,0.2891736583783261,0.5896274676263404
train,309.2167739436381,6.407563671505728,0.8837707891054261,0.6415440946122501,0.19670354892483555,0.045523145568340355
train,321.89516166469514,9.625862628108752,1.496825130808546,0.6748481747351344,0.4959753784919601,0.3260015775814516
train,346.3262934812751,3.798653589286896,1.2813655344162647,0.45923873021853157,0.46292391564141155,0.35920288855632154
train,342.3243819290408,4.490575256472848,1.2486220442103115,0.457659326122722,0.4456568313594238,0.3453058867281657
train,300.64365869854055,2.8815189274201733,1.1675618120770828,1.0637034129262548,0.09746205659882004,0.006396342552008032
train,309.8250782554978,2.493161810888803,1.3854130033851666,1.2019733398143133,0.1678384992635562,0.015601164307297181
train,359.3479801610163,6.003724852256036,1.3873488116171995,0.2201870519227848,0.38026709041327633,0.7868946692811385
train,359.41929985957637,2.2743629971189723,1.113771929278046,0.36944316478113953,0.41673910103082906,0.3275896634660773
train,323.5543629505152,1.7204435528156652,1.3287311209563213,1.0719606359928753,0.22779102803359005,0.028979456929856057
train,326.0267416393556,5.223942407713611,0.9054710816692682,0.4928703347570396,0.28766376656803966,0.1249369803441888
train,310.8555991338521,9.163932599405936,0.8312543622819952,0.5201348068916016,0.2286906005630661,0.08242895482732737
train,313.9711370966224,3.628533972830755,1.1431382796811105,0.8883292082227794,0.21826753536307722,0.03654153609525381
train,335.18671038088775,5.4396097826559995,0.8588807341898175,0.35179809633893105,0.30046015907391693,0.2066224787769696
train,314.6200472433428,8.592295462862872,1.2463120903349214,0.7303153027057618,0.3660393174358457,0.1499574701933138
train,338.94894300805646,7.031829298162195,1.3340321133276705,0.40760238765842727,0.452124682676946,0.4743050429922974
train,303.48650890328685,4.299475464393511,1.1776692046831752,1.0017326549190733,0.15787103882116355,0.01806551094293835
train,320.30738899783955,8.600309859584678,1.1378007560111059,0.5711269597686979,0.3670775898001289,0.1995962064422791
train,346.11765536756275,8.66813965193052,1.1533540380324487,0.2287219721577414,0.33558528723447295,0.5890467786402345
train,354.573134632281,6.2841154648328255,1.3951920091836052,0.25688904233334825,0.40713667469585824,0.7311662921543988
train,320.43544773549144,5.489352626783367,1.1719877287032043,0.7154748557317606,0.33835083182637105,0.11816204114507273
train,306.29878295376426,4.586972560313866,1.4421363707861734,1.1775699561597732,0.23166509658312934,0.03290131804327078
train,337.84993442188454,2.597559241932707,1.0371989449267236,0.5785939284120031,0.3349032191116531,0.12370179740306736
train,311.496180579762,1.2234081861871529,1.4492223209528188,1.3380464502222624,0.10590823090980032,0.00526763982075591
train,326.8924396954123,3.7678156517870756,1.2189340340904156,0.7460045958420011,0.3565944746000687,0.11633496364834589
train,300.43886737758095,3.5021989594073246,1.292123425989225,1.15671134126868,0.12551329928712265,0.009898785433422253
train,338.0261863841558,9.83625352788282,1.2342503967606309,0.3063143254666657,0.38511189610535823,0.5428241751886069
train,328.65035241766395,7.852893068656069,1.4323295103748372,0.5828209579024894,0.48880866373329923,0.3606998887390487
train,343.2417568031011,9.668901011944417,1.347403619516724,0.2749961525369767,0.39214364187246314,0.6802638251072842
train,352.0080862957156,2.0269366406527345,1.3126894520956514,0.5799517454859574,0.48121212509846895,0.25152558151122506
train,326.40532197164214,5.977934221701477,1.2578716866376498,0.6357274231802336,0.41313176926528405,0.20901249419213228
train,358.1889070023342,9.861202732884621,1.0017597718415336,0.10831403176323129,0.21025972756545253,0.6831860125128498
train,344.02520984627495,7.749851841417417,1.042545002919134,0.24515154628221586,0.3271589916514932,0.4702344649854252
train,307.43218649185326,1.3685226425714778,1.344140189270425,1.2538029722297204,0.0864470776629485,0.003890139377756175
train,329.38198450901433,9.869861525454336,1.1254814193355571,0.38706035258174054,0.37687569658154596,0.3615453701722706
train,358.6750187444304,4.704184019746538,1.355577505391981,0.2697509601746349,0.42092441926072427,0.6649021259566217
train,305.0891563387099,5.999155391239875,1.361441850890007,1.070414364506616,0.24787201038728374,0.04315547599610721
train,355.4821000331933,8.403247815556885,0.825879509040822,0.11490691111512094,0.2037374547705886,0.5072351431551124
train,322.36214047840406,1.4382862508246614,0.8764976037801906,0.7384290794704061,0.1254658423849029,0.012602681924881563
train,340.51833772004903,7.419323766805284,1.3416044779261385,0.3724633092493521,0.44359622981318136,0.5255449388636048
train,351.9273928833398,7.654883216288589,1.3606101144746425,0.23650898469836426,0.3787955241161431,0.7453056056601354
train,302.9378225893968,3.1108163539716873,1.2353284413626722,1.1004113705072374,0.12488142971065938,0.010035641144775329
train,351.4875182774894,1.0405011244569322,1.1602405394814448,0.7107551722854242,0.3559628173657579,0.09352254983026266
train,340.6372439618638,1.266465602157519,1.0809488902873716,0.7470826650793766,0.2774653493875577,0.05640087582043736
train,353.7380928830218,7.044515279702728,0.9663608543524181,0.16739970271860882,0.27108522599506907,0.5278759256387402
train,351.1668677779148,4.132282810685629,1.3973412698008416,0.40237741499335467,0.4901409292869937,0.504822925520493
train,317.9366190671343,6.312882257948341,1.0778580474234838,0.6599015356236275,0.30839396480066716,0.10956254699918909
train,316.48950304530405,8.979018059546823,0.931315577357644,0.5099250953320408,0.2866115285386506,0.13477895348695274
train,305.08869547414577,4.077342446910944,1.3023474033490974,1.0992309112217042,0.18162527409418186,0.02149121803321133
train,348.4458963585769,9.988690330600884,1.0074534399078154,0.16169556898544052,0.262034043481314,0.583723827441061
train,324.47651706787696,2.2313915022666366,1.2024103507361235,0.9057816522543628,0.2530076593189695,0.04362103916279102
train,359.854802235775,7.307929091085927,1.2166489882893603,0.15996322475535582,0.2960988413224195,0.760586922211585
train,323.54214557530764,9.237688842569993,1.1478416172912447,0.5022843993478566,0.38364611607490534,0.2619111018684829
train,308.0620147987837,4.288406168792202,0.8470166681934369,0.6858607804737862,0.14065162123116487,0.020504266488485978
train,312.1187422613269,1.15901902899921,1.1172959415501145,1.0328135504879024,0.08056276457525484,0.003919626486957467
train,338.0724158971078,4.08963216141017,1.0942672400536941,0.48363661175017175,0.38471563330737485,0.22591499499614745
train,357.55255637067455,7.7676680941742395,1.1785996458614658,0.16130564756328586,0.29093554790555765,0.7263584503926221
train,317.0724525067095,9.072971188956958,0.9645679818164616,0.517293924773319,0.3003503955644638,0.14692366147867875
train,319.52056383100063,9.181583329806536,1.1706794386995507,0.5819899092319021,0.37770320153472225,0.21098632793292627
train,344.5390769650786,6.316703147473895,1.2574074463066467,0.33791997272226837,0.41848146276749526,0.501006010816883
train,317.9629974908895,3.1723485546399663,1.0257446430180657,0.7778007315834367,0.21034257676769091,0.037601334666938095
train,309.32649384500536,8.868829287617267,0.9982728532750799,0.6540867610734756,0.2603191996219464,0.08386689257965772
train,333.6893636648631,8.127769826272367,1.3486768765629995,0.45144164091322386,0.4575392436707758,0.43969599197899994
train,326.3031755150516,5.286315777280531,1.4962912242545174,0.8042652899681733,0.47882813470307267,0.21319779958327145
train,340.47584861874145,8.331745988060945,1.4317877784534625,0.365667224900455,0.4579556651132527,0.6081648884397548
train,347.25539017376036,2.6666141045821083,1.1935195136163006,0.5152652844946326,0.433069294788964,0.24518493433270386
train,306.1136494388727,6.876299139075986,1.4687445997314676,1.1019687023095386,0.30291748955184655,0.06385840787008253
train,330.7639238580067,4.896752435809905,0.8250899259927142,0.40818729613744237,0.27662314372371427,0.1402794861315575
train,357.5864713397532,1.927024157171429,0.8287553653133929,0.3228426861454476,0.3122546188361433,0.19365806033180205
train,314.7639966902963,1.5897739052654418,1.1185824896882337,0.9882593914625014,0.12107846189784971,0.00924463632788265
train,330.96526807542676,3.8131295412572555,0.8356723378024202,0.46319252656216237,0.26633458070704324,0.10614523053321459
train,306.6960220949536,4.460539401909353,0.8423699155785753,0.6881585044313964,0.135147797377902,0.019063613769276892
train,341.8913835365948,2.863184873723308,1.011450098148547,0.4867991266759047,0.3533068518142068,0.17134411965843543
train,323.64754663068584,4.749486697622331,0.8011624953723604,0.48123636677318116,0.23649698519924992,0.08342914339992938
train,306.7242222599219,8.764881073667903,0.8008631437583358,0.5557183951910417,0.1918804139492967,0.05326433461799735
train,330.4900413487725,5.405518058564873,1.0331659127074464,0.4895022136244192,0.3501107672221005,0.19355293186092679
train,325.879621208787,8.025230237739258,1.3888425943504696,0.610371543947188,0.4682222439071999,0.3102488064960819
train,315.620912604915,3.9024139687095687,0.969737997119833,0.7232003486500397,0.20618996512671436,0.04034768334307899
train,328.7918040330639,7.149325218929317,0.9597770128243944,0.41060778374794143,0.3276245073024294,0.2215447217740238
train,319.844144523292,9.373461558302354,0.8339985028928707,0.4063417957950899,0.27077551336314293,0.15688119373463794
train,327.646176314374,7.404022374371,0.9053178080902319,0.39370491916227796,0.3074520202139738,0.20416086871398023
train,302.8424412003289,2.2438483447467767,1.443176235471478,1.3265872171472057,0.11023251191944027,0.006356506404832259
train,300.5555869092674,2.6948977733021664,0.8218984590311512,0.7534943610624503,0.06446647264861606,0.003937625320084769
train,306.6377680537322,6.581343579654666,0.9691472361173601,0.7290037188972852,0.19887974546917953,0.041263771750895295
train,334.1527230258406,6.311758444895135,1.3946047331628453,0.5400452675540505,0.4850076094353956,0.3695518561733992
train,300.28448357471245,8.6803251340813,1.2333833604988818,0.9581987722735662,0.23050994576588155,0.044674642459433936
train,309.7646091662975,7.956436493217556,1.39884407925341,0.9418528961696612,0.35269568983325017,0.10429549325049862
train,315.25580902524945,9.269143128124128,1.1181202012090605,0.6239228992395204,0.3393417532176991,0.154855548751841
train,336.2054672599993,9.861845802558793,1.0530752550474396,0.28015684072135305,0.3354094226450385,0.437508991681048
train,348.78956074920677,3.865592060456137,1.3594494655690437,0.44443220288999774,0.4881720626831039,0.42684519999594195
train,336.04403513175856,2.947201257028613,1.0898182656524655,0.599641687170398,0.35339650450909427,0.1367800739729733
train,319.0581380618137,1.702975537723275,0.8208843390697883,0.6941497675531466,0.11507882511394177,0.011655746402699988
train,320.7887193244309,1.1713073303573793,0.9158414303072425,0.8040865327044875,0.10387982605743601,0.007875071545319018
train,343.5109992510521,7.372821121152291,1.3170062705201677,0.328048275093842,0.42299803406308417,0.5659599613632416
train,319.02919026779875,9.01017511405926,1.2156813836199134,0.6188783829776483,0.3887661127810141,0.20803688786125088
train,307.5615805047976,2.293467953099807,1.285166798850791,1.1456873816199145,0.1296358559133404,0.00984356131753622
train,310.3766361865247,5.56563431423839,1.4942421331500975,1.104701064409891,0.32099497014002304,0.06854609860018344
train,300.24045628400035,1.1492182170780123,1.4951592073513544,1.4405469739132737,0.05324924867901537,0.0013629847590653848
train,335.0783300480499,2.142189779666618,1.4281115398278654,0.9129010840604278,0.4058320100706936,0.10937844569674399
train,352.8228180076615,5.825803718002377,1.2352544209025296,0.2585746510806638,0.3826501662093686,0.5940296036124975
train,316.3912314900526,1.4546772673480464,1.216197326223605,1.073341842779018,0.13278858039158883,0.010066903052998231
train,317.68531159216576,6.9725894199431675,1.3853716237898208,0.820142700354222,0.40735959444338554,0.15786932899221343
train,301.08963263486186,6.361423972171546,0.9618963777807966,0.7871364177708237,0.15216361697902228,0.022596343030950712
train,352.4333098742281,3.2829805590564565,1.227539093264793,0.39740415068538754,0.44601535877768994,0.38411958380171546
train,333.21245040537667,4.5654985005332405,1.2743345345198558,0.6103017766323119,0.4344750298245409,0.2295577280630031
train,343.546178082926,6.102440157874481,1.3308955660293278,0.3802892245141446,0.45071996892367566,0.49988637259150764
train,359.00502455957627,4.773451491107246,1.1602081363198717,0.2253769033751756,0.3563223703687645,0.5785088625759316
train,300.7481926764728,8.164257006793406,1.1641610469321957,0.9105205523435511,0.21367729976342914,0.039963194825215445
train,324.47768582163394,1.8466476678045622,1.422759495172778,1.1193700197216643,0.2655045315424033,0.03788494390871052
train,323.7004344024334,7.143234383882984,0.9045619094577055,0.4516274936667025,0.29566683092574975,0.15726758486525333
train,357.692977772462,2.605975856396478,0.9396793950296433,0.30023679921968494,0.34710708218805747,0.2923355136219008
train,351.53897163346284,9.21324469727738,0.948503185266311,0.1434144967662538,0.24167876560980578,0.5634099228902515
train,328.1880532904897,7.601454141065469,1.4148560136675612,0.5957064408958733,0.4820953280805219,0.3370542446911661
train,322.7431617022383,5.653175381644863,1.3192014873638145,0.7532976737902601,0.4036107921339629,0.16229302143959157
train,343.8681585991677,8.046641170234764,1.1989536730490684,0.2755946015890477,0.3719475991481272,0.5514114723118934
train,306.27690580828653,9.13575961790236,1.4059007775247196,0.9716996861655977,0.33855039331277303,0.09565069804634886
train,347.88584614909996,1.8987622944465654,0.9430781569570005,0.47942584954950945,0.32795007612677046,0.13570223128072056
train,344.61602190645914,1.208260851237518,1.485457243595096,0.9756662703197173,0.4145504891115023,0.09524048416387623
train,322.6286808213408,7.473812803217412,1.4212997619416303,0.7154271963520369,0.461750588535543,0.24412197705405017
train,323.6777932890049,3.8721923973969945,1.2261187902287727,0.7946626278504239,0.3349751265454115,0.09648103583293746
train,334.85936242488305,4.682259798623175,1.221242329107396,0.5503085999723053,0.42373734980814437,0.2471963793269463
train,356.1228821739897,5.2087623096393685,0.937719526525442,0.1893037970951993,0.28977280304279257,0.4586429263874502
train,322.6323589729802,4.5469628433380676,0.8917760851183539,0.5572248678229275,0.25312129429186786,0.0814299230035587
train,309.7722900332733,7.1610586605430955,1.037634427946232,0.7221290482433562,0.24916416505141253,0.06634121465146318
train,357.29390351134845,3.192370708227467,0.8692471535733757,0.24412857989932524,0.31011943881666815,0.31499913485738235
train,345.2102737800155,8.92932446726083,0.9946793498100415,0.19977819903356428,0.29002519353482004,0.5048759572416571
train,312.1252860987287,2.6718952138397847,1.1654086109565587,0.9804503390143773,0.16629977326202416,0.018658498680157235
train,328.1049984748063,3.334958558690808,0.8316211818925985,0.5196000517359448,0.23899547798219234,0.07302565217446129
train,328.88948041957684,9.633991128720476,1.2567634405268642,0.4469182469321892,0.42281817085059414,0.3870270227440809
train,329.7303933977171,1.996228666266545,0.9767054033847111,0.7009742181024572,0.23032011049746123,0.045411074784792706
train,317.68643697447254,7.883231973465109,1.4136975580852336,0.7945489656240015,0.4305079047748034,0.1886406876864287
train,354.0985112139863,9.861117474256787,1.4876566781731726,0.1907884222850983,0.344422213280241,0.9524460426078333
train,357.1799479660789,1.6463992645259595,0.8964554751494637,0.3874844260237111,0.3345169049005922,0.1744541442251603
train,318.267991588562,5.976084286580154,0.8678845220938356,0.5385673708798828,0.24541724736806644,0.08389990384588641
train,350.7478174681286,6.550805611695782,1.1796550816115434,0.24369394044715273,0.3592635252857576,0.5766976158786331
train,309.91867940203747,3.2792992696017764,0.9122184174875807,0.7589706702001534,0.13647975720318017,0.01676799008424708
train,351.11598946768794,6.2580507405509636,1.3145905992637434,0.2776039547351643,0.40561497383398004,0.6313716706945989
train,317.76197177460153,4.341273733794495,1.0833984750985737,0.7570605922010624,0.26270751847787394,0.0636303644196374
train,345.6008983046421,7.951176889071112,0.9447694692598222,0.20479050356354567,0.2872931804565194,0.4526857852397569
train,356.49233140428595,2.0858980369931777,1.4272854576965412,0.5466202653385663,0.5359699884365857,0.34469520392138914
train,306.0237387389886,3.3808583003618,1.3925349752475698,1.197667628005767,0.17664580514669243,0.018221542095110278
train,310.76952434076526,4.722111381789729,1.1149015099608883,0.8532974702270594,0.22078041391625142,0.04082362581757757
train,314.7155383813926,7.392206812023879,1.3959342545815425,0.866294883213729,0.391120244757671,0.13851912661014243
train,352.4745083913343,4.053899311629048,1.17159527600147,0.32684573658373384,0.4090350656952605,0.4357144737224757
train,314.9043842319391,3.203168513951309,0.912877843996347,0.7199524795680482,0.16704469164767455,0.025880672780624205
train,356.4011406484509,8.99189945745022,1.3441510993293846,0.16981606967039287,0.3121196769652097,0.8622153526937819
train,331.05969127726377,5.4154712396068465,1.1708219663277486,0.5450756946468842,0.398956165245756,0.2267901064351082
train,332.19408081462535,4.911067762279213,0.8922283830244473,0.42335069531982605,0.3039141438370353,0.16496354386758602
train,307.53983117211214,9.57024744261115,1.1374215317104455,0.7546024783504716,0.29078793822015325,0.09203111513982082
train,357.19233149431136,2.4721918993909897,1.1880915864279535,0.3995589754542337,0.4421345463568211,0.34639806461689876
train,312.46303520109234,3.2786614551394138,0.8210382051328252,0.6640841648605756,0.13766908362227334,0.019284956649976204
train,307.1371986444127,9.251635668662761,1.0250730940376322,0.6935358960704257,0.2551266452737616,0.07641055269344489
train,336.4877527148755,5.185127187903457,1.080315871671695,0.43694436821514043,0.3796968815367457,0.26367462191980884
train,331.91316548076406,2.6851505015380734,1.4920227289637036,0.9346368047616564,0.4310729084958633,0.1263130157061837
train,349.0984721222318,7.674531694583638,1.1281315079097667,0.21904555914808868,0.3296064401015094,0.5794795086601685
train,309.17262732758013,9.28599272446211,1.0389709471672093,0.6721829551409108,0.2748256533514609,0.09196233867483757
train,303.00640138181603,4.081633091295658,1.3561199213471191,1.1674672630905183,0.1705974796277177,0.01805517862888306
train,337.3625246992925,7.757547262703737,1.3555447687036644,0.4098798432984628,0.4546977375289696,0.4909671878762321
train,312.7172766648326,9.314049844838621,1.1065927220442608,0.6579109051409957,0.3197659302071323,0.12891588669613283
train,338.3408189558499,1.020778953280678,1.4953579488878246,1.1331811118393362,0.31540197795329494,0.0467748590951934
train,316.8537831578493,1.558567958861397,1.1207834290755598,0.9774822348388963,0.13230389510213456,0.010997299134528946
train,307.7418034309225,2.3709403914181815,1.242597969121147,1.1022764887090764,0.13001779513998807,0.010303685272082716
train,323.575643494214,9.296672051394955,1.0234095462256492,0.4457486088510228,0.3421861158431588,0.23547482153146768
train,343.57080770303406,5.149894871394169,1.2619659107904952,0.4054961731709776,0.44217637060822956,0.4142933670112882
train,335.9817214029594,5.255055754830984,1.465042766237106,0.5973068223951586,0.5139934484495945,0.35374249539235303
train,320.56281856529733,2.5951195112434533,1.27466584261588,0.9775819160091522,0.2547612661928713,0.04232266041385628
train,350.7604536784745,1.362283659459314,1.1147428818958764,0.6195781821651105,0.3711912630707301,0.12397343666003609
train,353.5492613812396,7.746567570305808,1.4942654015483399,0.2409679931721196,0.40102590508148617,0.8522715032947341
train,331.88482869583464,6.9399614692103615,1.0117361967965497,0.3984823245490666,0.34916229500190016,0.2640915772455829
train,356.85213597995954,4.297019397008826,1.31695749888064,0.30096779613889185,0.4334934356757915,0.5824962670659567
train,324.1884122471449,6.056370370566994,1.3038477745150825,0.6956235263327171,0.41614019895859494,0.19208404922377048
train,330.53604910508125,9.163776942185576,1.0935106915494672,0.37869168386656743,0.36862036938130155,0.3461986383015983
train,338.8243078885995,4.081261899700487,1.085709667761709,0.4698797912647877,0.3835568383186656,0.23227303817825593
train,326.40300649401314,2.132263164810567,0.8642065753413047,0.6406169604991856,0.18941254184832657,0.03417707299379255
train,340.04939538880546,6.89965964508747,1.2640367999470667,0.37601772732096017,0.4269998766632972,0.46101919596280927
train,301.1859867205615,3.938921584046019,0.9384668930814379,0.8244087695156358,0.10440681047451897,0.009651313091283177
train,346.68908535264075,8.74567361256517,0.9726762640583031,0.18716166226156342,0.27917928827201194,0.5063353135247278
train,340.0709495308792,2.16426523112447,0.9926067679211994,0.5699324513611909,0.31566800817151325,0.10700630838849526
train,308.3192697740052,3.551686899393063,1.2723155831444946,1.0622183128537033,0.18718863988269063,0.022908630408100716
train,354.61961461111514,2.822701671317674,1.1794553244655035,0.39383623980542015,0.43448443809206055,0.3511346465680228
train,342.08346607460595,9.576302216370092,1.2270423380210218,0.26442615734254993,0.3652596431440528,0.597356537534419
train,315.30641586164285,6.629303412225426,1.0243438131746114,0.6531845611247576,0.27965426720827763,0.09150498484157617
train,358.5677034415025,4.597085216472732,1.27979940453271,0.2604391722980512,0.4017604721475061,0.6175997600871526
train,301.3936549408055,4.600553015212798,1.4125753293257581,1.2137361927468604,0.179262119934608,0.01957701664428968
train,336.61364666599474,4.995485977563787,1.4551562496050081,0.5993050893562242,0.5116387037949544,0.34421245645382953
train,351.23906256883373,3.8999410644064443,1.1811838814289377,0.3534476260183794,0.4191296007044591,0.4086066547060992
train,329.38945536554775,6.6898225010337615,1.033877886871129,0.4507615435391969,0.3533062646850888,0.22981007864684314
train,314.65230004595327,9.214046517299824,1.4467121496489543,0.8223934078812177,0.4335435923992483,0.19077514936848833
train,350.59937314571874,9.803839876881051,1.3214940680457818,0.19704704962302824,0.3319013619119873,0.7925456565107662
train,345.88003371371997,7.863310827663766,1.1364253416596146,0.2457754841355254,0.3456712087135987,0.5449786488104906
train,327.3871316708563,3.1620364853410283,1.2513734360515034,0.8089101228129929,0.34562356368610964,0.09683974955240082
train,317.3592081661401,3.32027568732119,1.2101729618672383,0.9154975803728226,0.24939024323728662,0.04528513825712909
train,324.5989432935026,2.96970947915169,1.3712392117269818,0.9529833652336843,0.33982602639395065,0.07842982009934688
train,351.6341951576626,2.5092956771000288,0.8052549229599999,0.3175268858667791,0.2978711292650656,0.18985690782815523
train,320.1677981117624,8.177597521126772,1.387421706364027,0.7167317093966988,0.4431350078940026,0.22755498907332558
train,308.29974420696294,7.969023110647461,0.8809929171166007,0.6104259535286919,0.21232403983570244,0.05824292375220636
train,323.40375540939175,9.987485635107243,0.934813576261637,0.3930135507851738,0.3125944407194945,0.22920558475696864
train,309.2378149546576,4.805202992921141,1.233767968178903,0.9612358730481322,0.23218986073068584,0.04034223440008508
train,355.9740469447952,9.827390309797309,0.8487484456139763,0.1009603009146007,0.18841980859268478,0.5593683361066909
train,308.2798510408743,8.116641765063946,0.9894425065896024,0.6819569981936656,0.2403919645402968,0.06709354385563991
train,353.0909435703816,6.971079315061781,0.878291361666474,0.15744354978093486,0.25049528197017384,0.47035252991536536
train,349.9517570954404,2.5872074200726827,1.0964467762757577,0.44589458469982063,0.40313177599081546,0.24742041558512146
train,333.13109571355983,5.506895341722505,1.2803140409306053,0.555057473665848,0.443589729028467,0.28166683823629046
train,339.16120409215534,9.928378049752494,1.4995953364569314,0.35327251887256594,0.4594621187645494,0.6868606988198159
train,330.98756415813847,1.8567917826477758,1.309490309278103,0.9406848448266387,0.3088135309830273,0.059991933468436925
train,358.59984469299536,3.864937488661183,1.1228462200863016,0.26139535115192686,0.3755194092709947,0.4859314596633803
train,325.4866154889273,1.4627723910123642,1.2705851018564114,1.0352185831856715,0.21041955228597156,0.02494696638476834
train,321.2002617041081,8.08717487168352,1.3824840526973903,0.6972125637768182,0.4467287285716607,0.2385427603489113
train,349.27384719587076,4.749993982358921,1.0250819775686297,0.2854623552279089,0.35287353942421484,0.3867460829165059
train,344.9292467800233,8.212504904584506,1.1438802124739564,0.24823538040629436,0.3468437608448717,0.5488010712227904
train,353.58186117217815,2.2951782647070242,1.4153481457612722,0.5564765107855605,0.5267564239152426,0.3321152110604693
train,305.7657139783129,2.381729698491525,1.1736880092917723,1.0547717301171042,0.11096314689570944,0.007953132278958688
train,304.0511088112449,1.4752639126009932,0.8003631209159939,0.753270466488992,0.045260314482460526,0.001832339944541455
train,326.1789995816558,7.971614931630068,0.824386845195941,0.3602341014111852,0.27834951055309004,0.18580323323166562
train,339.1354563879513,8.408145856745678,0.9176005940045098,0.24506428642861808,0.29697734854750973,0.37555895902838204
train,308.81182408928424,8.747208762584826,1.3761872269650663,0.9159417984318641,0.3515186931289424,0.1087267354042598
train,332.3365059758512,8.372798913645823,0.8649292541971464,0.29795364546066305,0.2935577999347725,0.27341780880171096
train,323.6688910763253,7.640178004957356,0.9802163715267744,0.4733680814624253,0.3232334640573542,0.183614826006995
train,345.13973486601316,5.537607439517325,1.325186191563763,0.3831329917112355,0.4536990949170541,0.4883541049354735
train,327.8807782714398,4.311139061996359,0.9534324515350426,0.539690174417571,0.2974645149070868,0.11627776221038486
train,312.5027604861009,7.763417295142564,0.8832372436237724,0.5658136242080913,0.23823981448267112,0.0791838049330099
train,305.15894100665673,2.5866222851991716,0.9227425580177453,0.8255322719934509,0.09039880331230507,0.006811482711989419
train,349.38645736841397,4.586559611267912,1.4932719201523377,0.4247443281519911,0.5179045603027738,0.5506230316975725
train,308.23267546743676,6.88185843124279,1.1141106550408755,0.8066505525929225,0.24874318363564574,0.05871691881230726
train,323.57509060182446,8.875757791486741,1.4829169520798797,0.6628389217546868,0.4949249355615586,0.32515309476363413
train,352.3715375264507,2.7307061113161972,0.9545585448462539,0.34935892324605466,0.3529751226444957,0.25222449895570354
train,339.3644327457038,3.601752234743725,1.314307591546406,0.6002256001999782,0.46155339521903005,0.2525285961273976
validation,333.9852390485787,5.958178916413626,1.37998284738715,0.556365910597149,0.48055417530321487,0.34306276148678616
validation,342.63196630456065,1.2391998849756254,0.8346213960022111,0.5622270131603004,0.22389082828137033,0.04850355456054035
validation,336.0935071473609,5.37572868060048,0.982129258740094,0.39364522935160107,0.34464234893263224,0.2438416804558609
validation,325.1193652388881,7.821192868595745,1.378628039260551,0.6293382592442843,0.4616680401594739,0.28762173985679274
validation,333.67338407340264,4.468325327713927,0.989487733046575,0.4730538633202938,0.3379931939372573,0.17844067578902392
validation,331.3151082461552,3.832746567079429,1.194866595933056,0.6551103646663101,0.38361312697328664,0.15614310429345912
validation,340.59914295057825,1.5947128982745535,0.8007472255159231,0.5127692901215243,0.22936642221179956,0.058611513182599384
validation,312.7366283304446,9.050603479469029,1.2524035342599915,0.7528829152163736,0.3588145213189033,0.1407060977247145
validation,310.31762111622135,9.01237565641257,1.128969158201138,0.7195924860448687,0.30443046959917064,0.10494620255709873
validation,328.56550540071964,9.419877494583895,0.8416406845283381,0.30714502249653824,0.2840506909777996,0.25044497105400015
validation,312.9106964777231,6.271941926392501,0.936840556707403,0.6396065788412456,0.23327538895837194,0.0639585889077855
validation,340.77162055253746,2.926830604030482,0.86940987941917,0.4261857263116889,0.3010026303338236,0.14222152277365768
validation,312.4191095784504,4.804606308448561,0.923296809421156,0.6862555421970326,0.196744594096858,0.0402966731272655
validation,308.08152149540086,8.742536975970467,1.0242780425181155,0.6922626374150165,0.255888505023615,0.07612690007948393
validation,321.6455211910952,1.4974336855110488,1.050158736451438,0.8848973087028086,0.15009770472924905,0.015163723019380454
validation,315.88843063929477,6.494365606076097,0.9437732083706847,0.5986406025639293,0.2594882608329922,0.08564434497376325
validation,353.30192718377043,9.366999588275997,0.8698817400237532,0.12056928250708689,0.21140336687705513,0.5379090906396111
validation,306.44417737731465,2.0379379429988917,1.2336984794172183,1.1207789395685839,0.10616841053399084,0.006751129314643793
validation,307.31813785257737,8.671440861372396,1.3279900604565247,0.9138113636841738,0.3227144609098452,0.09146423586250563
validation,349.18853149428145,5.734544741974188,1.4976740480634074,0.36396456980345626,0.48897533422505723,0.6447341440348939
validation,302.6505061766497,4.61138467767502,1.0267556682563455,0.8713412693621919,0.13910149870377783,0.016312900190375627
validation,356.9187299227585,6.191748626478336,1.3643336758113076,0.2320482119214581,0.3849612853050546,0.7473241785847948
validation,310.22047161951116,9.80770729510395,1.1490476828134206,0.7113224766367872,0.3187481712618531,0.11897703491478034
validation,329.6203245762388,9.73796255691164,1.0665126528520015,0.36684858020277866,0.3575280711572913,0.3421360014919315
validation,323.85150147329955,6.26277432524443,0.889636827383451,0.471476965086549,0.28451697134285836,0.13364289095404364
validation,319.2651375847113,2.7388749020061747,0.8722984353749348,0.6724286561328142,0.17162703819967542,0.02824274104244508
validation,351.9686763798612,6.303980495147284,1.0510709540695378,0.213547493827242,0.3192948074573433,0.5182286527849526
validation,324.5201626420028,4.883671033186191,1.2432044275012966,0.7234147149845751,0.37717223828585744,0.14261747423086402
validation,355.6061634893396,9.395016576912843,1.0740443856714643,0.13495595020373183,0.2473122516997713,0.6917761837679614
validation,319.75574757586617,5.059418501667295,1.1975539612999448,0.7651442330728001,0.3297373954029922,0.10267233282415252
validation,327.7090746869849,6.928780688350308,1.1880793163658345,0.5350853048938392,0.4022778232874998,0.25071618818449537
validation,319.24293280164454,4.111577251863693,1.0650149512918117,0.7367159492272205,0.26332058434498967,0.06497841771960167
validation,305.67838609496334,2.494563691725758,1.3061796615017705,1.1689222117875255,0.1277146989281502,0.009542750786094758
validation,323.3458026913248,2.930850753041293,1.1938706874024,0.8508175630000449,0.2824471702529986,0.060605954149356614
validation,345.33237254840566,3.316801261108343,1.378752917346621,0.5543658219394989,0.49964644242254724,0.3247406529845751
validation,355.65029157750297,6.376550761664566,1.2682633612941057,0.22123192492519983,0.3608207839618589,0.6862106524070467
validation,303.1545594193833,9.509679019197158,1.0747393139854606,0.7787129600819122,0.23709071410271879,0.05893563980082965
validation,355.4340240327258,6.210797722752183,0.8032331591903293,0.14439804108016954,0.23226300021360216,0.4265721178965575
validation,302.31251995940613,7.123769251029298,1.193867609682353,0.9404249125026868,0.21517381492751272,0.03826888225215351
validation,301.5919462323645,7.691139651001468,1.3965017359484273,1.0931631726837399,0.25607349621453906,0.047265067050148414
validation,329.7850489463585,5.191816963215294,0.8038311761842393,0.39673215709205867,0.2688755571581386,0.1382234619340419
validation,347.19898274961594,3.9764446007149488,1.4151345338477777,0.47850798287215135,0.5084068641315045,0.42821968684412187
validation,322.3836352534832,6.08570119567635,0.9892392517395293,0.5519943387285675,0.3067409603531396,0.13050395265782214
validation,309.6352987550951,7.974171130431952,1.1476133351923972,0.7741756559641477,0.28850752271218616,0.08493015651606321
validation,332.18927542513507,9.688743581335618,1.4745059385555077,0.4630366353029512,0.48848696576634987,0.5229823374862065
validation,351.3385273021442,2.6884836348853023,1.215990886011106,0.4637212486398897,0.44917749700085274,0.30309214037036347
validation,352.68884547933226,4.370175428040439,0.8707743161549095,0.22824029231395387,0.2977073383603292,0.3448266854806265
validation,348.6577741343953,5.335871962259545,1.195074876251425,0.3125596573564725,0.4010665046825141,0.48144871421243823
validation,358.92865777907065,6.464902874446649,1.097485569966271,0.16634386244276764,0.29167925675375,0.6394624507697533
validation,322.19906207083187,4.75857363388641,0.8828793582250681,0.5474167512989013,0.2522785893199636,0.08318401760620318
validation,347.6850335050543,8.53945172368337,0.9990779942013862,0.18828150622904097,0.2849316254415324,0.5258648625308129
validation,318.2277971045967,8.869008307013319,0.8167792488695689,0.42868517835228825,0.25763828127849864,0.13045578923878204
validation,331.22744662603367,5.173081432133509,1.283088738704922,0.6090433763107538,0.4356592636348663,0.23838609875930195
validation,309.80350200896726,7.014976667156384,1.0637138055124136,0.7444632332965678,0.2531227467356944,0.06612782548015139
validation,337.1228866901785,1.3608550888549833,1.1232090380291566,0.8024938873806423,0.270091575930407,0.05062357471810749
validation,331.3350536389423,2.9289376256948794,0.8977365579253845,0.5506526921980102,0.26468036943064943,0.08240349629672494
validation,311.30845818073806,4.097269702570133,0.86776710451348,0.6805727682412098,0.16068592428326658,0.026508411989003527
validation,356.8391877437763,4.644946553462356,1.3662787217547243,0.29402265235259606,0.43733635833901624,0.6349197110631121
validation,358.4650273865308,1.7266175200246519,1.2561686275544959,0.5100093399312454,0.47373160472149406,0.2724276829017564
validation,352.28454520447286,6.708109905700555,1.100318284950189,0.21007829108146908,0.3238144354358136,0.5664255584329062
validation,325.8645814582763,1.3230899740662303,1.1742205259024927,0.9703558242333701,0.18380019926343438,0.02006450240568819
validation,359.61257980721086,9.628367733747407,0.8282794601895143,0.08622427425895599,0.170478165808053,0.5715770201225052
validation,342.3478202177693,3.715883800272377,1.4320924073842956,0.5888921347117494,0.5135836828140342,0.32961658985851194
validation,302.7068847425567,9.422866918099725,1.386233020651444,1.014951379594911,0.2993304115008451,0.07195122955568767
validation,307.05026293515607,1.5384190358556928,1.384295365028855,1.2828800835971552,0.0966252062888092,0.004790075142890718
validation,309.34546025847476,5.814083376782834,1.4410214005150968,1.071093688512242,0.3053690236087214,0.06455868839413315
validation,334.04688681295943,4.575099713255417,1.1115112383977945,0.5192787781137086,0.3821618004423951,0.21007065984169077
validation,303.7870302422323,9.718770892254389,1.017457929556758,0.7242467772155401,0.23216942129314044,0.06104173104807747
validation,311.36180950037124,3.5744257165635576,1.4750612364240352,1.1888476142229658,0.25011776595621943,0.03609585624484986
validation,305.65716320928044,8.805727364510632,1.2954907260810136,0.9162326568180663,0.3001748417251353,0.0790832275378121
validation,349.8011507495417,9.783077863311068,1.3895082588618104,0.21455234231869605,0.35534291276820945,0.819613003774905
validation,356.6029410766712,2.142417311118278,1.357051995616879,0.5095138091500485,0.5095123824343236,0.3380258040325069
validation,332.74054164486284,5.891460355718746,1.4292451034243596,0.6034036637987854,0.49527176637363324,0.3305696732519412
validation,358.30822911880267,7.343544907388629,1.1380568726302487,0.15856862755043816,0.28548528399720235,0.6940029610826082
validation,327.3842314741107,4.477073115008636,1.0531193207008638,0.5935260965749308,0.32906583290402486,0.130527391221908
validation,323.49041050106587,1.8077791172607576,0.8542052596823068,0.6829424203480091,0.15112274064885464,0.02014009868544295
validation,346.7921906323387,5.014656036282035,1.4514791419812343,0.4245442895337037,0.502317050658324,0.5246178017892065
validation,336.73326051563714,1.3165838396597778,0.9102663389222356,0.6602037057342166,0.21223253855581442,0.037830094632204554
validation,312.34918758078044,9.781624219506945,0.9530929583061445,0.5605758820955519,0.2773006296337615,0.11521644657683115
validation,330.9453405772831,9.425592384761766,1.4840349109400501,0.4970623485564056,0.497403597953638,0.48956896443000636
validation,314.1816261230127,1.4420587937503613,0.907521282776431,0.8135806307836404,0.08802134361057219,0.005919308382218379
validation,303.79970872215347,2.7561181698310273,1.1979988002926147,1.0745300790940973,0.11489613171074095,0.008572589487776647
validation,354.7469277777385,5.83496995324906,1.2381926896893565,0.24048867166328763,0.3724058353357502,0.6252981826903187
validation,312.11203509657247,8.20525258606465,1.2324522359539083,0.7806010804890852,0.33611875723372336,0.11573239823109965
validation,351.8482097515635,9.539587963052057,1.0435305430296147,0.1512272435463138,0.2590761924648549,0.633227107018446
validation,305.4347435121264,3.033360621251042,1.1064890959730862,0.9701229428329068,0.12514330365916687,0.011222849481012473
validation,356.7416191094684,4.4047884013607375,1.339541249565759,0.3015335893420511,0.4377082236135313,0.6002994366101767
validation,332.4286015302453,2.6452789338787888,1.024513883267416,0.6386403292857264,0.2978589406352205,0.0880146133464691
validation,339.19151310136914,7.055680552164041,1.1043318227663323,0.3336713259593427,0.3734218957597731,0.3972386010472167
validation,313.71873615972686,7.497161015614087,0.9182111291289003,0.5798182385940647,0.25224842145953846,0.08614446907529731
validation,356.2001815119076,2.6911322113282905,0.8751186539827643,0.28691611434811926,0.32314564274033064,0.2650568968943144
validation,329.8588621419227,5.675946382987246,1.1557350403447715,0.543519195771832,0.3914606616631724,0.22075518290976695
validation,326.20004936033035,9.953334035466476,1.1403964288694073,0.43681682470212024,0.38357149037392835,0.32000811379335875
validation,328.67679484438986,4.795894564431052,0.8467780282910241,0.44768071854687436,0.2750100524097333,0.12408725733441645
validation,335.57739786897696,3.0517099500086418,1.2463262861603348,0.6826643145065011,0.40476609746704184,0.15889587418679194
validation,303.0500077169086,9.832483911277015,1.1283035553088705,0.8115087076407432,0.2523139693268606,0.06448087834126662
validation,353.8053222954419,5.280050559096413,0.8422315730019553,0.18353791429003016,0.26738609431335997,0.39130756439856523
validation,349.33281276562843,6.833653567004209,1.3472299333017617,0.28432530873568185,0.4118861384172331,0.6510184861488468
validation,325.6901918105324,6.741430698219804,1.3993603026576253,0.6793122509250916,0.46404803970351316,0.25600001202902045
validation,337.86392657231323,4.12906271352313,1.2637707160563398,0.5589753659065892,0.44396519144015245,0.2608301587095981
validation,340.31125131684405,9.645282662559625,1.0596386250791685,0.2437883284548288,0.32291929583525586,0.4929310007890838
validation,325.50490605084786,8.309106650683532,1.1540336203199189,0.5033236934347635,0.38870688263975217,0.2620030442454034
validation,344.194385586944,5.137385180082329,0.9508465992688904,0.2995026828702495,0.33237997871731606,0.3189639376813248
validation,344.7122305668606,2.1803965226623894,0.9390085644719157,0.4821627518203776,0.3225691788508658,0.13427663380067237
validation,337.6094989670525,7.725428201728628,1.4262815208074704,0.4286072868896176,0.478038327090136,0.5196359068277168
validation,316.3551898449535,1.9965183274049891,1.4692326616658404,1.2427164659386085,0.20520322117832696,0.021312974548904986
validation,309.2653852813285,2.7790028402917555,1.003930617490926,0.8622951342935101,0.12868603219728664,0.012949451000129161
validation,331.76348124157727,8.945430094306701,1.3323822159109069,0.44851940074052943,0.4487597563312426,0.435103058839135
validation,342.4894532305581,2.576625110704033,1.050377842068182,0.525169731776695,0.3627820319564216,0.16242607833506525
validation,328.70429556520065,2.3268335813702725,0.9914007914886708,0.6917484892829685,0.24577917978433794,0.05387312242136442
validation,318.49999223717066,2.145485784961353,1.1851677843357804,0.9694148554517462,0.19192595712228477,0.023826971761749343
validation,342.30169179145156,1.629384683291751,1.136786171234205,0.698971543691559,0.34181048624799537,0.0960041412946506
validation,346.9326717160677,7.731911160572022,1.3705511673531279,0.2881822134792647,0.4131583530106509,0.6692106008632123
validation,326.89443799023644,8.385013743758746,0.9685271498499887,0.40171683825736876,0.3283782121269215,0.2384320994656986
validation,321.6486336850509,2.587200187760212,1.1272391776000004,0.8522064992937463,0.23415525880996116,0.040877419496292956
validation,323.5236013449266,3.1683440477288096,1.3262464964615472,0.9207843324130588,0.3285910559203958,0.07687110812809272
validation,318.8308063266988,3.4552389713125216,0.8916232315953466,0.652964262880482,0.1983506048663026,0.04030836384856202
validation,326.3293021081169,3.726681659535718,1.058490988938678,0.6584787061745283,0.3043604554228411,0.09565182734130857
validation,314.15983575723317,7.868399408379104,1.4510023431483021,0.8906286057810855,0.4100712073249814,0.15030253004223526
validation,329.87591116733324,6.786985810067494,1.4070205936246942,0.5992051505757041,0.48232356656050945,0.32549187648848044
test,359.9297782400195,6.521648362568489,1.4228456265779081,0.2057450201323553,0.36893417779455584,0.8481664286509968
test,354.5164947933385,8.123063390268602,1.122651973751177,0.16725201921167904,0.2881021564183202,0.6672977981211777
test,304.86924002543395,1.1422499989612045,1.1340404432980473,1.0789720615825922,0.05332156172031364,0.0017468199951413685
test,329.65887201207704,4.66626149076675,1.197717145903955,0.6251597040159206,0.3923326953610105,0.18022474652702386
test,333.1297621982656,8.529517369294236,0.8760599722835838,0.28973383535086433,0.2956114304848686,0.2907147064478509
test,313.51065996633275,8.137044810636674,1.3934858070565581,0.8572969415738059,0.3923082403590261,0.14388062512372618
test,359.68945281725206,8.856208147483757,1.4229293049506317,0.15908952671265783,0.30877448088178955,0.9550652973561847
test,318.8608765577943,4.614954706084387,0.9876595733743858,0.6632840883124317,0.2550467751597111,0.0693287099022431
test,336.37796389156296,9.449248187863345,1.0412486205581324,0.28389261241728375,0.3352026237060513,0.4221533844347974
test,333.42010691288704,3.666696674081366,0.9188599816408953,0.4877967440874806,0.3017965028992093,0.12926673465420538
test,311.71113178911935,1.5215081008431695,1.46450546610648,1.3256856712639384,0.1306483236595619,0.008171471182979619
test,324.17277651045777,8.507088028018973,1.276930630882784,0.5733672941855553,0.4269496276347669,0.27661370906246147
test,311.5152696846651,2.5791602192117904,1.3683917410573814,1.1642206700996462,0.18477702399317786,0.019394046964557293
test,315.88270263717226,9.219566653317782,0.8980387832826435,0.4939243046121618,0.27520468311581797,0.12890979555466373
test,340.66251686726815,8.330264884278405,0.9646794718909515,0.2446366723663661,0.307909169737704,0.41213362978688134
test,316.57244180739394,9.680669975252815,0.9852183237423109,0.5197973110176336,0.30840979049133993,0.15701122223333736
test,325.7974229940029,4.892640339181295,0.9771243249507785,0.5508163830247252,0.3039836073468055,0.12232433457924771
test,346.54746518622545,7.946644089062397,1.06482260995665,0.22245628584831462,0.3192871939503517,0.5230791301579836
test,350.107547464844,2.9176744095910214,0.8030140429673751,0.3021189248743054,0.2952425475380069,0.20565257055506284
test,334.27004172334443,9.946699952071407,0.8270510168788192,0.2356643338039378,0.2679497545646133,0.3234369285102681
test,312.4798844225076,5.670231782383758,1.3669585155114095,0.9700454690694927,0.3194543743609011,0.07745867208101562
test,305.3425203045032,4.557111883830049,1.3229530604409203,1.093415417769831,0.20240262937707465,0.027135013294014756
test,322.2925925043817,2.699527784280751,0.9368470791776111,0.6942026544871798,0.2042633751355172,0.03838104955491405
test,324.60292721489964,5.31475367325302,1.4032700924712098,0.7858632955624618,0.43691048617486444,0.18049631073388353
test,338.5351451140796,7.2136175906395135,1.488091020075135,0.45344757082462317,0.5029993642627765,0.5316440849877353
test,324.71060641805843,4.630189629242155,1.4463428774080684,0.8565055254077123,0.43314622112898893,0.15669113087136724
test,314.7525352203035,7.5683372167258,1.328201196752694,0.8161712266342126,0.37558787080027023,0.1364420993182114
test,305.8672798467266,5.214082651242256,0.9403937299250879,0.7532631272278371,0.16163128783447508,0.02549931486277584
test,311.12251636814915,5.174452994165886,1.0026007952556455,0.7463224109461447,0.2124409419142861,0.04383744239521462
test,347.76362685755225,9.168444022514342,1.3619044237018558,0.24140581131880703,0.37500284932448974,0.745495763058559
test,315.9618523572999,3.4672095431974754,0.9783098450822272,0.7472819038887117,0.1963093084669301,0.03471863272658529
test,308.10228576337414,9.4941853129334,1.0814334587099486,0.7107549070389092,0.2800889123762417,0.09058963929479769
test,313.4813684727524,8.620039454574192,1.0794367118604533,0.6497221282299146,0.309604891236724,0.12010969239381467
test,302.10700866658,2.4574741322466807,1.247475238249319,1.1426679798244874,0.09881263730443009,0.0059946211204015675
test,346.97431645030343,2.8984094963984166,1.4421769124862995,0.598201323047705,0.5247842114304648,0.3191913780081296
test,351.0598272031299,8.63542678654973,0.9593628027594499,0.1562354081550635,0.25552720334957413,0.5476001912548123
test,303.0321593190035,8.806811855343252,1.0140601601169972,0.7515743167435988,0.21363285543587515,0.048852987937523205
test,337.13498287041153,7.83970195330657,0.8898052809577841,0.269328708083661,0.2982572589687359,0.3222193139053872
test,346.8503012711429,9.446603130649592,1.3098624760224862,0.23516511818372,0.3615843794985996,0.7131129783401666
test,326.4733649088335,8.890103248765325,1.1692203410507913,0.47510653670180575,0.3955538782045602,0.2985599261444253
test,344.6862556690053,8.384553494727438,1.3245470031893043,0.2855403712172601,0.39977233758620384,0.6392342943858402
test,317.27129256288924,2.0605951081524796,0.9668369705534421,0.8065613769573394,0.14410661202475017,0.0161689815713524
test,330.1724962188212,5.547492300637862,1.2078510445201762,0.5697174761602017,0.4092809023074872,0.22885266605248744
test,323.70611025287343,8.082022433050248,1.4392076252430455,0.6740809849462945,0.47761421056177483,0.28751242973497604
test,314.8035032087683,7.628708959316992,1.2745802967815312,0.7798865134148305,0.36185185225373384,0.13284193111296685
test,331.3854299567589,2.696772104867442,1.3566625810078967,0.8575883198635172,0.38768699593592204,0.11138726520845751
test,357.63757713773,7.496526990102521,1.4425019976380138,0.2028603953450615,0.3627329083788627,0.8769086939140894
test,359.05111589688,4.1684560681531435,1.2467564870484358,0.26928192114550636,0.4038617631638809,0.5736128027390486
test,328.4359642582847,9.87965872176907,0.8656654768054075,0.30784179584995247,0.29065541173784964,0.26716826921760545
test,324.7424948578335,8.879851400745125,0.9988359173685608,0.42995574822531235,0.3356577925012628,0.23322237664198564
test,347.26757103833233,4.445048465022301,1.4859849779231107,0.4650185642597017,0.5251297243049694,0.49583668935843955
test,353.01179018542246,3.7118832189635382,1.3391351794764987,0.3905763976130947,0.47507700125355384,0.47348178060985024
test,320.2113926299961,6.457265561939816,1.2609365378753044,0.7243465566055218,0.38154890119370544,0.15504108007607714
test,349.7757245451423,1.220057567938134,0.9541105238066098,0.5672120247166174,0.30053815666986067,0.08636034242013176
test,342.7150686353147,6.071709132725836,1.1469235547408,0.3389287563131759,0.39123709103783183,0.41675770738979234
test,303.31259740247884,4.134482951153106,1.4055701623374537,1.2044420284323498,0.18135889973709568,0.01976923416800822
test,301.8535702221619,4.567926118283308,1.4616038013695407,1.2517250428468403,0.18887404548911843,0.021004713033582076
test,303.05284407270085,7.747351759401731,0.9803288313274255,0.7496880828504946,0.19197759383986612,0.03866315463706489
test,351.99652992922034,7.714611810634286,1.419993619600854,0.2445717144311013,0.3933202029067212,0.7821017022630317
test,312.95548742587596,5.781634793367444,1.3454889605023606,0.9411895498707191,0.32258240194004967,0.08171700869159171
test,314.74198457969885,3.0767167474049524,0.8190274934483096,0.6526776591437398,0.1449542752203974,0.021395559084172466
test,357.51091763852713,7.39015192049161,1.2448922478071294,0.17813694220062085,0.3164107118655313,0.7503445937409772
test,344.63968336169944,5.784516268258955,1.1332936747632874,0.32338492351308873,0.3854892246001523,0.4244195266500465
test,326.97193446741124,6.7639529089327715,0.9410744827746682,0.4391077697043108,0.3161311337487499,0.18583557932160735
test,353.28352170089215,8.305771340973386,1.0446945280164237,0.1605786159895383,0.2716569187186234,0.612458993308262
test,334.7165578087515,2.2692456995501313,1.4806423735535186,0.9333464457900511,0.4272630879604304,0.1200328398030372
test,354.173561257817,9.297077558492804,1.0325141333924162,0.13893439892993786,0.247187750722055,0.6463919837404234
test,310.1480824429714,2.9059494711967933,0.8630009737315629,0.7304234814291467,0.1194198312474773,0.013157661054939047
test,307.20663780608305,1.6417408076636084,1.4928761484434114,1.3756623039430467,0.11127789022375144,0.005935954276613521
test,304.44346100214443,2.1928787285627225,1.3790782169135154,1.2590622211384348,0.11306622799522528,0.006949767779855382
test,334.8144130045766,7.969754841123992,1.2416384054408585,0.40441250637394616,0.42050976596525924,0.4167161331016531
test,352.93050421973686,6.746207749882665,1.1654875650322056,0.2159643311149612,0.3384554238394316,0.6110678100778129
test,342.764981625678,5.026534766128985,1.0422446760333144,0.3499071459059839,0.36753368847258144,0.324803841654749
test,328.05914714701277,2.527426945887046,1.357600210861884,0.9337424804274739,0.34429946897392455,0.07955826146048565
test,315.64222688015667,2.3817839170334274,0.9724465692482588,0.804785801841722,0.14975599149370775,0.017904775912829136
test,350.5242091063344,3.9718116603795823,1.2802349086541303,0.3875516740866008,0.4544189845835538,0.4382642499839758
test,351.3845778393444,1.699702002325379,1.3355170836246302,0.6585691257701333,0.47425325974462557,0.20269469810987117
test,318.4599279827418,2.949601277656384,1.2822310167170805,0.982364437667782,0.25622189774118864,0.04364468130810971
test,354.587797363994,3.6551728784115585,1.1981836637690233,0.33476579923236943,0.422171143150834,0.44124672138581994
test,317.3900468309695,5.988570271537851,1.2353034214580383,0.7810406920062022,0.3420621524527274,0.11220057699910888
test,336.6201233274108,6.611917326784713,0.8945558545522669,0.3094477009752737,0.309464560605001,0.27564359297199226
test,341.61242817520315,7.07275320742201,1.2778116855518182,0.35255455707592115,0.42369582196012984,0.5015613065157674
test,304.4442331643224,5.021549581727373,1.0863245924320108,0.8916787228017445,0.17062826967462894,0.024017599955637344
test,305.20268901859197,3.0013113510712963,1.1086738422586258,0.9750708002312026,0.1228381363850758,0.010764905642347215
test,344.57437859148496,3.1335586928619685,1.380824937087438,0.5870252386945131,0.4977472566175379,0.2960524417753868
test,332.7478971443678,7.8437951666615575,1.1307891883357999,0.40057577497163305,0.38657540174284444,0.34363801162132235
test,329.9516535253334,6.577474504416762,1.449579425716077,0.6269820913908608,0.4966509032195265,0.3259464311056898
test,329.5087548847746,5.757917842974619,1.2213978744692706,0.5759170650875282,0.41299371613377833,0.23248709324796388
test,344.25090823786354,1.6466530193761089,1.1609812069653804,0.6833091284643567,0.36510323023083413,0.11256884827018956
test,328.8954953523626,9.295164858138133,1.1454546063054387,0.41669275932708966,0.386938721726846,0.341823125251503
test,328.09923208165986,9.659799896812318,1.115403524520617,0.4072579772212743,0.3757130741032673,0.33243247319607544
test,310.8530658193254,2.9522451052520946,0.8666312768358819,0.7266313701328853,0.12543631899916188,0.014563587703834757
test,300.0340877555367,4.887510949004337,1.338469806908755,1.1548192490108384,0.16580664514869242,0.017843912749224228
test,344.00798656799014,1.2893417902256519,1.198988032515823,0.7782243268317577,0.33961205844899156,0.08115164723507379
test,309.25698752480855,9.469686562882275,0.9171554997509255,0.5881408207763001,0.24503070705979477,0.08398397191483052
test,337.5983530618489,3.936145259476511,1.2490929281750467,0.5715925794504655,0.4360925456368299,0.24140780308775137
test,324.7355157878445,7.836787470757552,0.9614753877295006,0.44364224112097705,0.3210368193953679,0.19679632721315551
test,354.3475111748556,5.501886843820169,1.3292652033989971,0.27475737683048485,0.4121949369687633,0.6423128895997489
test,350.9838114840736,9.989457498593245,0.9567619659157708,0.138169516274705,0.23580974652709827,0.5827827031139675
test,317.2135448138073,3.2538977805869944,0.9840099325118479,0.7496001561647246,0.1992144588462137,0.03519531750090944
test,334.94668449236264,9.941702708312587,1.493194660964928,0.4146839008057364,0.4807296847568099,0.5977810754023817
test,331.6063938817385,6.751244892382064,1.4019793805911243,0.5665546182880332,0.4838718793594761,0.3515528829436148
test,355.9760075072103,2.8347456459658953,1.169979210259717,0.3729964977372318,0.42931437127658173,0.36766834124590353
test,349.97022327969074,3.728818689711325,1.1078663297363267,0.3568393177177706,0.39837429383489803,0.3526527181836581
test,359.13726609072046,9.865420270487839,1.434274767535627,0.14900927802494626,0.29392975148357964,0.991335738027101
test,347.9069006896834,3.422174506505252,1.0245950518470313,0.37328030926568156,0.3729408479297942,0.27837389465155543
test,332.8369704722925,6.04699637105811,1.1538519735499468,0.4783542043454875,0.4001619618519419,0.27533580735251745
test,338.20021679497836,4.6749072036968995,1.324421910120873,0.5399227949627606,0.4683501221438379,0.31614899301427446
test,320.0129955887013,3.976092972517173,0.8890581733242796,0.6127725507624343,0.2214183011534794,0.054867321408365824
test,311.32273260173514,8.654687910292218,1.1123976370063091,0.7033759712475981,0.303265523455178,0.10575614230353306
test,313.67206719317005,7.834069900201487,1.1877867880718016,0.738621549581285,0.33124085568845096,0.11792438280206557
test,301.2693606853976,3.8472531160304366,0.9239009877849388,0.8133799857006062,0.10132997247680958,0.009191029607522995
test,339.3523716589704,3.4752793656722756,0.8454627454469605,0.39375253108986696,0.29569168106727156,0.15601853328982201
test,303.29609935186016,6.235545681628434,0.8152064189928627,0.6513428178893367,0.14074562973989868,0.023117971363627372
test,350.9275267881653,2.398574073315481,1.2245964346368008,0.5063135439295892,0.45116644312560444,0.2671164475816074
test,326.68128168064476,4.985663691087122,0.8502579996520322,0.464885011420263,0.26997489120726653,0.11539809702450268
test,348.16513501273295,9.037472362779273,0.8077116671689599,0.14252408351765591,0.22229703868072392,0.4428905449705801
test,310.71625054182704,9.13513769915931,1.1846455289600408,0.744529528760143,0.3243962075122043,0.11571979268769346
test,309.0023746948926,2.8251140734824296,1.2619903709659799,1.0839562335302673,0.1617169207887057,0.016317216647006874
test,343.4890093348124,6.394841277219417,1.467203865938768,0.40621793588853833,0.49133036468349894,0.569655565366731
test,329.64381621970665,3.7024472092827403,1.1340630369830575,0.6570149728186634,0.3496823387700727,0.12736572539432145
test,321.57997761999667,3.0197430340721767,0.8321742745380981,0.6051345818876165,0.1887145654864319,0.038325127164049615
test,321.13274961390744,7.402684129387681,0.8129064620126357,0.42871253029650047,0.2583364254138541,0.12585750630228118
test,326.3507107923561,6.796084613048816,1.2272828764220152,0.581883924683816,0.41011796238252035,0.23528098935567898
test,346.59890615332296,8.294677440938177,1.2981940746435714,0.26159180065196613,0.3819902988679901,0.654611975123615
test,306.167861768685,5.275201996039246,1.222384170241326,0.9730607449966725,0.21452827818322012,0.03479514706143341
test,314.7339623285671,1.3829663588209886,0.9565132246132328,0.8582379196831614,0.09216309967762114,0.0061122052524502654
test,327.29366410395835,4.725372871491408,0.9236668869290132,0.5094252852926641,0.29235897718121406,0.12188262445513516
test,349.46493256100956,9.331180018630521,0.9409438233369007,0.15330155309390056,0.24847147759117177,0.5391707926518284
test,355.7743749340333,1.1607486325766274,1.4474737308948618,0.7754592608683172,0.49856602469400674,0.1734484453325379
test,357.11572740485445,1.1084667671433268,1.3341135077437236,0.7089986578545789,0.4629680248098143,0.1621468250793305
test,358.2120943541906,9.153119969360006,1.479497112837349,0.17075048350953217,0.32566721730662734,0.9830794120211896
test,333.01941034185836,1.7034052589684945,1.3948524384635252,0.9950887144635151,0.3344114810062912,0.06535224299371888
test,336.82969534854067,6.532630697694602,1.0920775269010803,0.37801572421525853,0.37817042175716736,0.3358913809286545
test,334.31051859126654,2.3822180117750307,1.3178390185963051,0.8224591621387415,0.38412920124028976,0.11125065521727394
test,304.50103844109253,7.568026903394128,1.394284895837398,1.048176079904461,0.2853819774346873,0.06072683849824956
test,328.3481206538693,5.588473294513444,1.0185499910454547,0.5042339197891872,0.3388491385174683,0.17546693273879949
test,358.16751502353526,7.598120271035908,1.0582919873102414,0.14399919306898978,0.2611160857597074,0.6531767084815444
test,310.48844317398033,2.976216329818822,1.124745600277035,0.9452588895939842,0.16099542043104068,0.018491290252010243
test,356.55410401886024,7.607317111848262,0.9506706237254049,0.13792004315770218,0.24252565526527692,0.5702249253024257
test,351.57366800513387,4.403804707087129,1.3962055279267631,0.3786007655348566,0.48094066182268275,0.5366641005692236
test,314.5019758788679,6.567945507426859,1.4486693416568972,0.9430055713531056,0.3856222132668106,0.1200415570369809
test,315.47364054886765,7.236339315272694,1.4911188339700008,0.9167368896815987,0.4222824123407463,0.15209953194765566
test,309.0358972345802,1.7956206163060697,1.2719366347113714,1.151477349944265,0.11318767380296335,0.007271610964143052
test,320.3841568649418,1.6412002962993202,1.132713932518523,0.9517051421992031,0.1639347133290495,0.01707407699027034
test,345.22624077863736,3.566101603736699,1.0345328142535943,0.3993814997841415,0.37456832832490733,0.26058298614454567
test,350.7419640388183,5.680647210353393,1.3899123781645304,0.321025502060501,0.4469215869755288,0.6219652891285001
test,326.7833695286226,9.576776454040932,1.2555562128024158,0.48262983256133346,0.42352383796861176,0.34940254227247053
test,306.95393191915497,8.965836894041207,1.1424856335815585,0.7836518094770867,0.278718661634078,0.08011516247039384
test,308.4983380783743,2.3742112045727866,1.2812737545769104,1.1301498911980363,0.13959559423768664,0.011528269141187491
test,302.8423504037694,3.5793438842243193,0.8978513133289077,0.7874549205404568,0.1010969953752241,0.009299397413226614
test,326.46464577703705,4.7291839479492515,1.1653135042821992,0.6558517476923378,0.36354964237685355,0.1459121142130077
test,316.7781797461518,1.2883923044035948,1.2300702745746301,1.0976472866001863,0.123938851661578,0.00848413631286581
test,322.42308017294107,6.862014988660418,0.876066879562988,0.46225566059932766,0.27948193334054017,0.13432928562312024
test,300.826641317643,3.2346482309676348,1.1195831260958364,1.0077775758033947,0.10406121800751388,0.007744332284928036
test,323.644318450108,8.292722997461198,1.0644863509349767,0.49269376856714864,0.35386464436616416,0.21792793800166396
test,331.82647077618475,6.34164033197973,0.8152819741520682,0.33944217345843064,0.28167529703560035,0.19416450365803709
test,330.90800261077135,4.1034813345895405,1.0948960893782782,0.587806950920263,0.35516211236561784,0.1519270260923972
test,306.01724390971503,8.045385090837808,1.4596829755659657,1.052382086475473,0.3270477194600767,0.08025316963041614
test,301.336129237776,6.412354865302131,1.3346908471018506,1.0873462404948346,0.2147579805948706,0.032586626012145355
