boundary_time_min,outlet_ca_mol_per_l,temperature_for_next_interval_k
0.0,1.2,330.0
0.2,1.1538698078319816,330.0
0.4,1.1112862733797269,330.0
0.6000000000000001,1.071976716639932,330.0
0.8,1.0356894222442146,330.0
1.0,1.0021920276213836,330.0
1.2000000000000002,0.9712700350836845,330.0
1.4000000000000001,0.9427254383092889,330.0
1.6,0.9163754544258291,330.0
1.8,0.892051353575983,330.0
2.0,0.8695973784703329,330.0
2.2,0.8488697470089488,330.0
2.4000000000000004,0.8297357315850672,330.0
2.6,0.812072809175268,330.0
2.8000000000000003,0.7957678767738237,330.0
3.0,0.7807165271473212,330.0
3.2,0.7668223802719164,330.0
3.4000000000000004,0.7539964661721335,330.0
3.6,0.742156655209273,330.0
3.8000000000000003,0.7312271321713288,330.0
4.0,0.7211379107967932,330.0
4.2,0.7118243856236459,330.0
4.4,0.7032269182938302,330.0
4.6000000000000005,0.6952904556641524,330.0
4.800000000000001,0.68796417727821,330.0
5.0,0.6812011699419676,330.0
5.2,0.6749581273191494,330.0
5.4,0.6691950726228375,330.0
5.6000000000000005,0.6638751026275517,330.0
5.800000000000001,0.6589641513626169,330.0
6.0,0.6544307719736475,330.0
6.2,0.6502459353553176,330.0
6.4,0.6463828442659799,330.0
6.6000000000000005,0.6428167617338317,330.0
6.800000000000001,0.6395248526558419,330.0
7.0,0.6364860375751309,330.0
7.2,0.6336808577004803,330.0
7.4,0.6310913503036356,330.0
7.6000000000000005,0.6287009336965191,330.0
7.800000000000001,0.6264943010518158,330.0
8.0,0.6244573223870198,330.0
8.200000000000001,0.6225769540843058,330.0
8.4,0.6208411553668433,330.0
8.6,0.6192388111967165,330.0
8.8,0.6177596611007352,330.0
9.0,0.6163942334683755,330.0
9.200000000000001,0.6151337849011363,330.0
9.4,0.6139702442249382,330.0
9.600000000000001,0.6128961608070539,330.0
9.8,0.6119046568466221,330.0
10.0,0.6109893833332405,345.0
10.200000000000001,0.5825346855007254,345.0
10.4,0.5575032584613631,345.0
10.600000000000001,0.5354832622092525,345.0
10.8,0.5161124035610226,345.0
11.0,0.49907197537594816,345.0
11.200000000000001,0.4840816128936317,345.0
11.4,0.47089468091570974,345.0
11.600000000000001,0.45929421593726255,345.0
11.8,0.4490893564641506,345.0
12.0,0.44011220278458296,345.0
12.200000000000001,0.43221505452899805,345.0
12.4,0.42526798056805737,345.0
12.600000000000001,0.41915668126648364,345.0
12.8,0.4137806079205827,345.0
13.0,0.4090513084387092,345.0
13.200000000000001,0.40489097204629326,345.0
13.4,0.40123114907158,345.0
13.600000000000001,0.39801162474882174,345.0
13.8,0.39517942850970067,345.0
14.0,0.392687962462934,345.0
14.200000000000001,0.3904962347230097,345.0
14.4,0.3885681849740726,345.0
14.600000000000001,0.38687209117252,345.0
14.8,0.38538004762683303,345.0
15.0,0.38406750586753385,345.0
15.200000000000001,0.38291287075324104,345.0
15.4,0.3818971451675882,345.0
15.600000000000001,0.38100361746123423,345.0
15.8,0.38021758649647414,345.0
16.0,0.37952611977063216,345.0
16.2,0.37891784063866113,345.0
16.400000000000002,0.3783827411341392,345.0
16.6,0.3779120173090233,345.0
16.8,0.37749792438301744,345.0
17.0,0.37713364931934107,345.0
17.2,0.3768131987303963,345.0
17.400000000000002,0.37653130026905596,345.0
17.6,0.3762833158831706,345.0
17.8,0.376065165506079,345.0
18.0,0.37587325992760756,345.0
18.2,0.3757044417410913,345.0
18.400000000000002,0.375555933394822,345.0
18.6,0.37542529149321907,345.0
18.8,0.3753103665958434,345.0
19.0,0.375209267852831,345.0
19.200000000000003,0.37512033189489596,345.0
19.400000000000002,0.3750420954660528,345.0
19.6,0.37497327134878633,345.0
19.8,0.37491272718556784,345.0
20.0,0.3748594668482702,345.0
20.200000000000003,0.3748126140489537,345.0
20.400000000000002,0.374771397922373,345.0
20.6,0.37473514034299465,345.0
20.8,0.3747032447678536,345.0
21.0,0.37467518642168096,345.0
21.200000000000003,0.3746505036628199,345.0
21.400000000000002,0.3746287903878732,345.0
21.6,0.37460968935011796,345.0
21.8,0.3745928862817543,345.0
22.0,0.37457810472328346,345.0
22.200000000000003,0.3745651014749422,345.0
22.400000000000002,0.3745536625953574,345.0
22.6,0.37454359988158603,345.0
22.8,0.37453474777262785,345.0
23.0,0.37452696062546376,345.0
23.200000000000003,0.37452011031880333,345.0
23.400000000000002,0.37451408414511567,345.0
23.6,0.37450878295626183,345.0
23.8,0.37450411953221857,345.0
24.0,0.3745000171460544,345.0
24.200000000000003,0.37449640830154796,345.0
24.400000000000002,0.374493233622678,345.0
24.6,0.3744904408767148,345.0
24.8,0.3744879841148392,345.0
25.0,0.3744858229161505,345.0
25.200000000000003,0.37448392172262485,345.0
25.400000000000002,0.37448224925408186,345.0
25.6,0.37448077799353446,345.0
25.8,0.3744794837344541,345.0
26.0,0.37447834518250284,345.0
26.200000000000003,0.37447734360517926,345.0
26.400000000000002,0.37447646252361416,345.0
26.6,0.37447568744144527,345.0
26.8,0.3744750056063095,345.0
27.0,0.3744744058000295,345.0
27.200000000000003,0.3744738781540421,345.0
27.400000000000002,0.37447341398703127,345.0
27.6,0.37447300566209546,345.0
27.8,0.3744726464610982,345.0
28.0,0.37447233047413503,345.0
28.200000000000003,0.37447205250229854,345.0
28.400000000000002,0.37447180797214097,345.0
28.6,0.3744715928604278,345.0
28.8,0.3744714036279438,345.0
29.0,0.3744712371612624,345.0
29.200000000000003,0.3744710907215211,345.0
29.400000000000002,0.3744709618993589,345.0
29.6,0.37447084857527535,345.0
29.8,0.3744707488847587,345.0
30.0,0.37447066118760897,
